ISO-10303-21;
HEADER;
/* Generated by software containing ST-Developer
 * from STEP Tools, Inc. (www.steptools.com) 
 */

FILE_DESCRIPTION(
/* description */ (''),
/* implementation_level */ '2;1');

FILE_NAME(
/* name */ 'EDF_1.30_s.step',
/* time_stamp */ '2026-01-30T01:10:45+08:00',
/* author */ (''),
/* organization */ (''),
/* preprocessor_version */ 'ST-DEVELOPER v20.1',
/* originating_system */ 'Autodesk Translation Framework v14.24.0.0',
/* authorisation */ '');

FILE_SCHEMA (('AUTOMOTIVE_DESIGN { 1 0 10303 214 3 1 1 }'));
ENDSEC;

DATA;
#10=MECHANICAL_DESIGN_GEOMETRIC_PRESENTATION_REPRESENTATION('',(#13),#3449);
#11=SHAPE_REPRESENTATION_RELATIONSHIP('SRR','None',#3456,#12);
#12=ADVANCED_BREP_SHAPE_REPRESENTATION('',(#14),#3448);
#13=STYLED_ITEM('',(#3465),#14);
#14=MANIFOLD_SOLID_BREP('\X2\5B9E4F53\X0\1',#1885);
#15=TOROIDAL_SURFACE('',#2049,39.,1.);
#16=TOROIDAL_SURFACE('',#2082,39.,1.);
#17=FACE_BOUND('',#248,.T.);
#18=B_SPLINE_CURVE_WITH_KNOTS('',3,(#2882,#2883,#2884,#2885,#2886,#2887,
#2888,#2889,#2890,#2891),.UNSPECIFIED.,.F.,.F.,(4,2,2,2,4),(0.14822589528558,
0.18521050336485,0.222257536814596,0.259287253725055,0.296302242701026),
 .UNSPECIFIED.);
#19=B_SPLINE_CURVE_WITH_KNOTS('',3,(#2951,#2952,#2953,#2954,#2955,#2956,
#2957,#2958,#2959,#2960,#2961,#2962),.UNSPECIFIED.,.F.,.F.,(4,2,2,2,2,4),
(-0.826204101734185,-0.810583809598165,-0.777500422312633,-0.752835284962316,
-0.732326170851265,-0.72566410012679),.UNSPECIFIED.);
#20=B_SPLINE_CURVE_WITH_KNOTS('',3,(#2977,#2978,#2979,#2980,#2981,#2982,
#2983,#2984,#2985,#2986,#2987,#2988,#2989,#2990,#2991,#2992),
 .UNSPECIFIED.,.F.,.F.,(4,2,2,2,2,2,2,4),(-0.664583876200692,-0.653430504003184,
-0.637950789259427,-0.615910058151758,-0.597787626798709,-0.585934370629916,
-0.574497468359404,-0.57087894060943),.UNSPECIFIED.);
#21=B_SPLINE_CURVE_WITH_KNOTS('',3,(#3008,#3009,#3010,#3011,#3012,#3013,
#3014,#3015,#3016,#3017),.UNSPECIFIED.,.F.,.F.,(4,2,2,2,4),(0.296302242701026,
0.333317231676997,0.370346948587456,0.407393982037201,0.444378590116472),
 .UNSPECIFIED.);
#22=B_SPLINE_CURVE_WITH_KNOTS('',3,(#3053,#3054,#3055,#3056,#3057,#3058,
#3059,#3060,#3061,#3062,#3063,#3064),.UNSPECIFIED.,.F.,.F.,(4,2,2,2,2,4),
(-0.984195238889055,-0.967799140571449,-0.935426814171782,-0.888963340463758,
-0.858809465241648,-0.848502654634578),.UNSPECIFIED.);
#23=B_SPLINE_CURVE_WITH_KNOTS('',3,(#3076,#3077,#3078,#3079,#3080,#3081,
#3082,#3083,#3084,#3085,#3086,#3087,#3088,#3089,#3090,#3091),
 .UNSPECIFIED.,.F.,.F.,(4,2,2,2,2,2,2,4),(-0.582839062621216,-0.574497468412299,
-0.562257306412268,-0.538095163092013,-0.51712867803233,-0.500853302800936,
-0.486271616884441,-0.483626839802856),.UNSPECIFIED.);
#24=B_SPLINE_CURVE_WITH_KNOTS('',3,(#3103,#3104,#3105,#3106,#3107,#3108,
#3109,#3110),.UNSPECIFIED.,.F.,.F.,(4,2,2,4),(1.18704496529874,1.18942018287358,
1.26581638142549,1.33240106331936),.UNSPECIFIED.);
#25=B_SPLINE_CURVE_WITH_KNOTS('',3,(#3135,#3136,#3137,#3138,#3139,#3140,
#3141,#3142,#3143,#3144,#3145,#3146,#3147,#3148,#3149,#3150),
 .UNSPECIFIED.,.F.,.F.,(4,2,2,2,2,2,2,4),(-0.582839062584361,-0.574497468373984,
-0.562257306374875,-0.538095163061096,-0.517128678006085,-0.500853302777575,
-0.48627161686299,-0.48362683978168),.UNSPECIFIED.);
#26=B_SPLINE_CURVE_WITH_KNOTS('',3,(#3183,#3184,#3185,#3186,#3187,#3188,
#3189,#3190,#3191,#3192,#3193,#3194),.UNSPECIFIED.,.F.,.F.,(4,2,2,2,2,4),
(-0.984195238888535,-0.967799140570912,-0.935426814171222,-0.888963340463159,
-0.858809465240969,-0.848502654633881),.UNSPECIFIED.);
#27=B_SPLINE_CURVE_WITH_KNOTS('',3,(#3211,#3212,#3213,#3214,#3215,#3216,
#3217,#3218),.UNSPECIFIED.,.F.,.F.,(4,2,2,4),(1.18704496529874,1.18942018287358,
1.26581638142549,1.33240106331936),.UNSPECIFIED.);
#28=B_SPLINE_CURVE_WITH_KNOTS('',3,(#3220,#3221,#3222,#3223,#3224,#3225,
#3226,#3227,#3228,#3229),.UNSPECIFIED.,.F.,.F.,(4,2,2,2,4),(0.148225895285582,
0.18521050336485,0.222257536814595,0.259287253725055,0.296302242701026),
 .UNSPECIFIED.);
#29=B_SPLINE_CURVE_WITH_KNOTS('',3,(#3231,#3232,#3233,#3234,#3235,#3236,
#3237,#3238),.UNSPECIFIED.,.F.,.F.,(4,2,2,4),(0.839709340706308,0.906294022600175,
0.982690221152084,0.985065438726928),.UNSPECIFIED.);
#30=B_SPLINE_CURVE_WITH_KNOTS('',3,(#3262,#3263,#3264,#3265,#3266,#3267,
#3268,#3269,#3270,#3271,#3272,#3273),.UNSPECIFIED.,.F.,.F.,(4,2,2,2,2,4),
(-0.826204101756485,-0.81058380961979,-0.777500422332574,-0.752835284980912,
-0.732326170868703,-0.725664100143839),.UNSPECIFIED.);
#31=B_SPLINE_CURVE_WITH_KNOTS('',3,(#3301,#3302,#3303,#3304,#3305,#3306,
#3307,#3308,#3309,#3310,#3311,#3312,#3313,#3314,#3315,#3316),
 .UNSPECIFIED.,.F.,.F.,(4,2,2,2,2,2,2,4),(-0.664583876256484,-0.653430504063246,
-0.637950789325707,-0.615910058227285,-0.597787626882158,-0.585934370717493,
-0.574497468449882,-0.570878940700748),.UNSPECIFIED.);
#32=B_SPLINE_CURVE_WITH_KNOTS('',3,(#3333,#3334,#3335,#3336,#3337,#3338,
#3339,#3340,#3341,#3342),.UNSPECIFIED.,.F.,.F.,(4,2,2,2,4),(0.296302242701026,
0.333317231676998,0.370346948587457,0.407393982037202,0.444378590116471),
 .UNSPECIFIED.);
#33=B_SPLINE_CURVE_WITH_KNOTS('',3,(#3353,#3354,#3355,#3356,#3357,#3358,
#3359,#3360),.UNSPECIFIED.,.F.,.F.,(4,2,2,4),(0.839709340706309,0.906294022600175,
0.982690221152084,0.985065438726929),.UNSPECIFIED.);
#34=PLANE('',#1918);
#35=PLANE('',#1921);
#36=PLANE('',#1957);
#37=PLANE('',#1960);
#38=PLANE('',#1961);
#39=PLANE('',#1962);
#40=PLANE('',#1989);
#41=PLANE('',#1990);
#42=PLANE('',#1991);
#43=PLANE('',#2016);
#44=PLANE('',#2017);
#45=PLANE('',#2018);
#46=PLANE('',#2046);
#47=PLANE('',#2047);
#48=PLANE('',#2048);
#49=PLANE('',#2079);
#50=PLANE('',#2080);
#51=PLANE('',#2081);
#52=PLANE('',#2094);
#53=PLANE('',#2097);
#54=PLANE('',#2106);
#55=PLANE('',#2114);
#56=PLANE('',#2115);
#57=PLANE('',#2116);
#58=PLANE('',#2117);
#59=PLANE('',#2118);
#60=PLANE('',#2119);
#61=PLANE('',#2120);
#62=PLANE('',#2121);
#63=PLANE('',#2122);
#64=PLANE('',#2123);
#65=PLANE('',#2124);
#66=PLANE('',#2125);
#67=PLANE('',#2126);
#68=PLANE('',#2127);
#69=SPHERICAL_SURFACE('',#1909,1.);
#70=SPHERICAL_SURFACE('',#1914,1.);
#71=SPHERICAL_SURFACE('',#1927,1.);
#72=SPHERICAL_SURFACE('',#1933,0.999999999999996);
#73=SPHERICAL_SURFACE('',#1939,1.);
#74=SPHERICAL_SURFACE('',#1948,1.);
#75=SPHERICAL_SURFACE('',#1953,1.);
#76=SPHERICAL_SURFACE('',#1955,1.);
#77=SPHERICAL_SURFACE('',#1963,0.999999999999996);
#78=SPHERICAL_SURFACE('',#1969,0.999999999999996);
#79=SPHERICAL_SURFACE('',#1975,1.);
#80=SPHERICAL_SURFACE('',#1981,0.999999999999996);
#81=SPHERICAL_SURFACE('',#1992,1.);
#82=SPHERICAL_SURFACE('',#1997,0.999999999999996);
#83=SPHERICAL_SURFACE('',#2002,0.999999999999996);
#84=SPHERICAL_SURFACE('',#2008,0.999999999999996);
#85=SPHERICAL_SURFACE('',#2019,0.999999999999996);
#86=SPHERICAL_SURFACE('',#2025,0.999999999999979);
#87=SPHERICAL_SURFACE('',#2030,0.999999999999996);
#88=SPHERICAL_SURFACE('',#2037,0.999999999999996);
#89=SPHERICAL_SURFACE('',#2054,0.999999999999996);
#90=SPHERICAL_SURFACE('',#2059,0.999999999999996);
#91=SPHERICAL_SURFACE('',#2064,0.999999999999996);
#92=SPHERICAL_SURFACE('',#2071,0.999999999999996);
#93=SPHERICAL_SURFACE('',#2091,1.);
#94=SPHERICAL_SURFACE('',#2102,1.);
#95=SPHERICAL_SURFACE('',#2107,1.);
#96=SPHERICAL_SURFACE('',#2111,1.);
#97=FACE_OUTER_BOUND('',#220,.T.);
#98=FACE_OUTER_BOUND('',#221,.T.);
#99=FACE_OUTER_BOUND('',#222,.T.);
#100=FACE_OUTER_BOUND('',#223,.T.);
#101=FACE_OUTER_BOUND('',#224,.T.);
#102=FACE_OUTER_BOUND('',#225,.T.);
#103=FACE_OUTER_BOUND('',#226,.T.);
#104=FACE_OUTER_BOUND('',#227,.T.);
#105=FACE_OUTER_BOUND('',#228,.T.);
#106=FACE_OUTER_BOUND('',#229,.T.);
#107=FACE_OUTER_BOUND('',#230,.T.);
#108=FACE_OUTER_BOUND('',#231,.T.);
#109=FACE_OUTER_BOUND('',#232,.T.);
#110=FACE_OUTER_BOUND('',#233,.T.);
#111=FACE_OUTER_BOUND('',#234,.T.);
#112=FACE_OUTER_BOUND('',#235,.T.);
#113=FACE_OUTER_BOUND('',#236,.T.);
#114=FACE_OUTER_BOUND('',#237,.T.);
#115=FACE_OUTER_BOUND('',#238,.T.);
#116=FACE_OUTER_BOUND('',#239,.T.);
#117=FACE_OUTER_BOUND('',#240,.T.);
#118=FACE_OUTER_BOUND('',#241,.T.);
#119=FACE_OUTER_BOUND('',#242,.T.);
#120=FACE_OUTER_BOUND('',#243,.T.);
#121=FACE_OUTER_BOUND('',#244,.T.);
#122=FACE_OUTER_BOUND('',#245,.T.);
#123=FACE_OUTER_BOUND('',#246,.T.);
#124=FACE_OUTER_BOUND('',#247,.T.);
#125=FACE_OUTER_BOUND('',#249,.T.);
#126=FACE_OUTER_BOUND('',#250,.T.);
#127=FACE_OUTER_BOUND('',#251,.T.);
#128=FACE_OUTER_BOUND('',#252,.T.);
#129=FACE_OUTER_BOUND('',#253,.T.);
#130=FACE_OUTER_BOUND('',#254,.T.);
#131=FACE_OUTER_BOUND('',#255,.T.);
#132=FACE_OUTER_BOUND('',#256,.T.);
#133=FACE_OUTER_BOUND('',#257,.T.);
#134=FACE_OUTER_BOUND('',#258,.T.);
#135=FACE_OUTER_BOUND('',#259,.T.);
#136=FACE_OUTER_BOUND('',#260,.T.);
#137=FACE_OUTER_BOUND('',#261,.T.);
#138=FACE_OUTER_BOUND('',#262,.T.);
#139=FACE_OUTER_BOUND('',#263,.T.);
#140=FACE_OUTER_BOUND('',#264,.T.);
#141=FACE_OUTER_BOUND('',#265,.T.);
#142=FACE_OUTER_BOUND('',#266,.T.);
#143=FACE_OUTER_BOUND('',#267,.T.);
#144=FACE_OUTER_BOUND('',#268,.T.);
#145=FACE_OUTER_BOUND('',#269,.T.);
#146=FACE_OUTER_BOUND('',#270,.T.);
#147=FACE_OUTER_BOUND('',#271,.T.);
#148=FACE_OUTER_BOUND('',#272,.T.);
#149=FACE_OUTER_BOUND('',#273,.T.);
#150=FACE_OUTER_BOUND('',#274,.T.);
#151=FACE_OUTER_BOUND('',#275,.T.);
#152=FACE_OUTER_BOUND('',#276,.T.);
#153=FACE_OUTER_BOUND('',#277,.T.);
#154=FACE_OUTER_BOUND('',#278,.T.);
#155=FACE_OUTER_BOUND('',#279,.T.);
#156=FACE_OUTER_BOUND('',#280,.T.);
#157=FACE_OUTER_BOUND('',#281,.T.);
#158=FACE_OUTER_BOUND('',#282,.T.);
#159=FACE_OUTER_BOUND('',#283,.T.);
#160=FACE_OUTER_BOUND('',#284,.T.);
#161=FACE_OUTER_BOUND('',#285,.T.);
#162=FACE_OUTER_BOUND('',#286,.T.);
#163=FACE_OUTER_BOUND('',#287,.T.);
#164=FACE_OUTER_BOUND('',#288,.T.);
#165=FACE_OUTER_BOUND('',#289,.T.);
#166=FACE_OUTER_BOUND('',#290,.T.);
#167=FACE_OUTER_BOUND('',#291,.T.);
#168=FACE_OUTER_BOUND('',#292,.T.);
#169=FACE_OUTER_BOUND('',#293,.T.);
#170=FACE_OUTER_BOUND('',#294,.T.);
#171=FACE_OUTER_BOUND('',#295,.T.);
#172=FACE_OUTER_BOUND('',#296,.T.);
#173=FACE_OUTER_BOUND('',#297,.T.);
#174=FACE_OUTER_BOUND('',#298,.T.);
#175=FACE_OUTER_BOUND('',#299,.T.);
#176=FACE_OUTER_BOUND('',#300,.T.);
#177=FACE_OUTER_BOUND('',#301,.T.);
#178=FACE_OUTER_BOUND('',#302,.T.);
#179=FACE_OUTER_BOUND('',#303,.T.);
#180=FACE_OUTER_BOUND('',#304,.T.);
#181=FACE_OUTER_BOUND('',#305,.T.);
#182=FACE_OUTER_BOUND('',#306,.T.);
#183=FACE_OUTER_BOUND('',#307,.T.);
#184=FACE_OUTER_BOUND('',#308,.T.);
#185=FACE_OUTER_BOUND('',#309,.T.);
#186=FACE_OUTER_BOUND('',#310,.T.);
#187=FACE_OUTER_BOUND('',#311,.T.);
#188=FACE_OUTER_BOUND('',#312,.T.);
#189=FACE_OUTER_BOUND('',#313,.T.);
#190=FACE_OUTER_BOUND('',#314,.T.);
#191=FACE_OUTER_BOUND('',#315,.T.);
#192=FACE_OUTER_BOUND('',#316,.T.);
#193=FACE_OUTER_BOUND('',#317,.T.);
#194=FACE_OUTER_BOUND('',#318,.T.);
#195=FACE_OUTER_BOUND('',#319,.T.);
#196=FACE_OUTER_BOUND('',#320,.T.);
#197=FACE_OUTER_BOUND('',#321,.T.);
#198=FACE_OUTER_BOUND('',#322,.T.);
#199=FACE_OUTER_BOUND('',#323,.T.);
#200=FACE_OUTER_BOUND('',#324,.T.);
#201=FACE_OUTER_BOUND('',#325,.T.);
#202=FACE_OUTER_BOUND('',#326,.T.);
#203=FACE_OUTER_BOUND('',#327,.T.);
#204=FACE_OUTER_BOUND('',#328,.T.);
#205=FACE_OUTER_BOUND('',#329,.T.);
#206=FACE_OUTER_BOUND('',#330,.T.);
#207=FACE_OUTER_BOUND('',#331,.T.);
#208=FACE_OUTER_BOUND('',#332,.T.);
#209=FACE_OUTER_BOUND('',#333,.T.);
#210=FACE_OUTER_BOUND('',#334,.T.);
#211=FACE_OUTER_BOUND('',#335,.T.);
#212=FACE_OUTER_BOUND('',#336,.T.);
#213=FACE_OUTER_BOUND('',#337,.T.);
#214=FACE_OUTER_BOUND('',#338,.T.);
#215=FACE_OUTER_BOUND('',#339,.T.);
#216=FACE_OUTER_BOUND('',#340,.T.);
#217=FACE_OUTER_BOUND('',#341,.T.);
#218=FACE_OUTER_BOUND('',#342,.T.);
#219=FACE_OUTER_BOUND('',#343,.T.);
#220=EDGE_LOOP('',(#1164,#1165,#1166,#1167));
#221=EDGE_LOOP('',(#1168,#1169,#1170,#1171));
#222=EDGE_LOOP('',(#1172,#1173,#1174,#1175));
#223=EDGE_LOOP('',(#1176,#1177,#1178,#1179));
#224=EDGE_LOOP('',(#1180,#1181,#1182));
#225=EDGE_LOOP('',(#1183,#1184,#1185,#1186));
#226=EDGE_LOOP('',(#1187,#1188,#1189));
#227=EDGE_LOOP('',(#1190,#1191,#1192,#1193));
#228=EDGE_LOOP('',(#1194,#1195,#1196,#1197,#1198,#1199,#1200,#1201));
#229=EDGE_LOOP('',(#1202,#1203,#1204,#1205));
#230=EDGE_LOOP('',(#1206,#1207,#1208,#1209,#1210,#1211,#1212,#1213,#1214,
#1215,#1216,#1217,#1218,#1219));
#231=EDGE_LOOP('',(#1220,#1221,#1222));
#232=EDGE_LOOP('',(#1223,#1224,#1225,#1226));
#233=EDGE_LOOP('',(#1227,#1228,#1229));
#234=EDGE_LOOP('',(#1230,#1231,#1232,#1233));
#235=EDGE_LOOP('',(#1234,#1235,#1236,#1237));
#236=EDGE_LOOP('',(#1238,#1239,#1240));
#237=EDGE_LOOP('',(#1241,#1242,#1243,#1244));
#238=EDGE_LOOP('',(#1245,#1246,#1247,#1248));
#239=EDGE_LOOP('',(#1249,#1250,#1251,#1252));
#240=EDGE_LOOP('',(#1253,#1254,#1255));
#241=EDGE_LOOP('',(#1256,#1257,#1258,#1259));
#242=EDGE_LOOP('',(#1260,#1261,#1262));
#243=EDGE_LOOP('',(#1263,#1264,#1265));
#244=EDGE_LOOP('',(#1266,#1267,#1268,#1269,#1270,#1271,#1272,#1273,#1274));
#245=EDGE_LOOP('',(#1275,#1276,#1277,#1278));
#246=EDGE_LOOP('',(#1279,#1280,#1281,#1282));
#247=EDGE_LOOP('',(#1283,#1284,#1285,#1286));
#248=EDGE_LOOP('',(#1287,#1288,#1289,#1290));
#249=EDGE_LOOP('',(#1291,#1292,#1293,#1294));
#250=EDGE_LOOP('',(#1295,#1296,#1297));
#251=EDGE_LOOP('',(#1298,#1299,#1300,#1301));
#252=EDGE_LOOP('',(#1302,#1303,#1304));
#253=EDGE_LOOP('',(#1305,#1306,#1307,#1308));
#254=EDGE_LOOP('',(#1309,#1310,#1311,#1312));
#255=EDGE_LOOP('',(#1313,#1314,#1315));
#256=EDGE_LOOP('',(#1316,#1317,#1318,#1319,#1320));
#257=EDGE_LOOP('',(#1321,#1322,#1323));
#258=EDGE_LOOP('',(#1324,#1325,#1326,#1327));
#259=EDGE_LOOP('',(#1328,#1329,#1330,#1331));
#260=EDGE_LOOP('',(#1332,#1333,#1334,#1335));
#261=EDGE_LOOP('',(#1336,#1337,#1338,#1339));
#262=EDGE_LOOP('',(#1340,#1341,#1342,#1343));
#263=EDGE_LOOP('',(#1344,#1345,#1346,#1347,#1348,#1349,#1350,#1351,#1352));
#264=EDGE_LOOP('',(#1353,#1354,#1355,#1356));
#265=EDGE_LOOP('',(#1357,#1358,#1359));
#266=EDGE_LOOP('',(#1360,#1361,#1362,#1363));
#267=EDGE_LOOP('',(#1364,#1365,#1366));
#268=EDGE_LOOP('',(#1367,#1368,#1369,#1370));
#269=EDGE_LOOP('',(#1371,#1372,#1373));
#270=EDGE_LOOP('',(#1374,#1375,#1376,#1377,#1378));
#271=EDGE_LOOP('',(#1379,#1380,#1381,#1382));
#272=EDGE_LOOP('',(#1383,#1384,#1385));
#273=EDGE_LOOP('',(#1386,#1387,#1388,#1389));
#274=EDGE_LOOP('',(#1390,#1391,#1392,#1393));
#275=EDGE_LOOP('',(#1394,#1395,#1396,#1397));
#276=EDGE_LOOP('',(#1398,#1399,#1400,#1401));
#277=EDGE_LOOP('',(#1402,#1403,#1404,#1405));
#278=EDGE_LOOP('',(#1406,#1407,#1408,#1409));
#279=EDGE_LOOP('',(#1410,#1411,#1412,#1413));
#280=EDGE_LOOP('',(#1414,#1415,#1416));
#281=EDGE_LOOP('',(#1417,#1418,#1419,#1420));
#282=EDGE_LOOP('',(#1421,#1422,#1423));
#283=EDGE_LOOP('',(#1424,#1425,#1426,#1427));
#284=EDGE_LOOP('',(#1428,#1429,#1430));
#285=EDGE_LOOP('',(#1431,#1432,#1433,#1434));
#286=EDGE_LOOP('',(#1435,#1436,#1437,#1438));
#287=EDGE_LOOP('',(#1439,#1440,#1441));
#288=EDGE_LOOP('',(#1442,#1443,#1444,#1445,#1446));
#289=EDGE_LOOP('',(#1447,#1448,#1449,#1450));
#290=EDGE_LOOP('',(#1451,#1452,#1453,#1454));
#291=EDGE_LOOP('',(#1455,#1456,#1457,#1458));
#292=EDGE_LOOP('',(#1459,#1460,#1461,#1462));
#293=EDGE_LOOP('',(#1463,#1464,#1465,#1466));
#294=EDGE_LOOP('',(#1467,#1468,#1469,#1470));
#295=EDGE_LOOP('',(#1471,#1472,#1473,#1474,#1475,#1476,#1477,#1478,#1479,
#1480));
#296=EDGE_LOOP('',(#1481,#1482,#1483,#1484));
#297=EDGE_LOOP('',(#1485,#1486,#1487));
#298=EDGE_LOOP('',(#1488,#1489,#1490,#1491));
#299=EDGE_LOOP('',(#1492,#1493,#1494));
#300=EDGE_LOOP('',(#1495,#1496,#1497,#1498,#1499));
#301=EDGE_LOOP('',(#1500,#1501,#1502));
#302=EDGE_LOOP('',(#1503,#1504,#1505,#1506));
#303=EDGE_LOOP('',(#1507,#1508,#1509,#1510));
#304=EDGE_LOOP('',(#1511,#1512,#1513));
#305=EDGE_LOOP('',(#1514,#1515,#1516,#1517));
#306=EDGE_LOOP('',(#1518,#1519,#1520,#1521));
#307=EDGE_LOOP('',(#1522,#1523,#1524,#1525));
#308=EDGE_LOOP('',(#1526,#1527,#1528,#1529));
#309=EDGE_LOOP('',(#1530,#1531,#1532,#1533));
#310=EDGE_LOOP('',(#1534,#1535,#1536,#1537,#1538,#1539,#1540,#1541,#1542));
#311=EDGE_LOOP('',(#1543,#1544,#1545,#1546));
#312=EDGE_LOOP('',(#1547,#1548,#1549,#1550,#1551,#1552,#1553,#1554,#1555,
#1556));
#313=EDGE_LOOP('',(#1557,#1558,#1559,#1560));
#314=EDGE_LOOP('',(#1561,#1562,#1563,#1564));
#315=EDGE_LOOP('',(#1565,#1566,#1567,#1568));
#316=EDGE_LOOP('',(#1569,#1570,#1571));
#317=EDGE_LOOP('',(#1572,#1573,#1574,#1575));
#318=EDGE_LOOP('',(#1576,#1577,#1578,#1579,#1580,#1581,#1582,#1583));
#319=EDGE_LOOP('',(#1584,#1585,#1586,#1587));
#320=EDGE_LOOP('',(#1588,#1589,#1590,#1591));
#321=EDGE_LOOP('',(#1592,#1593,#1594,#1595));
#322=EDGE_LOOP('',(#1596,#1597,#1598,#1599));
#323=EDGE_LOOP('',(#1600,#1601,#1602));
#324=EDGE_LOOP('',(#1603,#1604,#1605,#1606));
#325=EDGE_LOOP('',(#1607,#1608,#1609,#1610,#1611,#1612,#1613,#1614,#1615,
#1616,#1617,#1618,#1619,#1620));
#326=EDGE_LOOP('',(#1621,#1622,#1623));
#327=EDGE_LOOP('',(#1624,#1625,#1626,#1627));
#328=EDGE_LOOP('',(#1628,#1629,#1630));
#329=EDGE_LOOP('',(#1631,#1632,#1633,#1634));
#330=EDGE_LOOP('',(#1635,#1636,#1637,#1638));
#331=EDGE_LOOP('',(#1639,#1640,#1641,#1642));
#332=EDGE_LOOP('',(#1643,#1644,#1645,#1646));
#333=EDGE_LOOP('',(#1647,#1648,#1649,#1650));
#334=EDGE_LOOP('',(#1651,#1652,#1653,#1654));
#335=EDGE_LOOP('',(#1655,#1656,#1657,#1658));
#336=EDGE_LOOP('',(#1659,#1660,#1661,#1662,#1663,#1664,#1665,#1666,#1667));
#337=EDGE_LOOP('',(#1668,#1669,#1670,#1671));
#338=EDGE_LOOP('',(#1672,#1673,#1674,#1675,#1676,#1677));
#339=EDGE_LOOP('',(#1678,#1679,#1680,#1681,#1682,#1683));
#340=EDGE_LOOP('',(#1684,#1685,#1686,#1687));
#341=EDGE_LOOP('',(#1688,#1689,#1690,#1691));
#342=EDGE_LOOP('',(#1692,#1693,#1694,#1695,#1696,#1697));
#343=EDGE_LOOP('',(#1698,#1699,#1700,#1701,#1702,#1703));
#344=ELLIPSE('',#1901,1.4142135623731,1.);
#345=ELLIPSE('',#1904,1.4142135623731,1.);
#346=ELLIPSE('',#1907,1.41421356237309,1.);
#347=ELLIPSE('',#1913,1.41421356237309,1.);
#348=ELLIPSE('',#2024,1.4142135623731,1.);
#349=ELLIPSE('',#2069,1.4142135623731,1.);
#350=ELLIPSE('',#2088,1.4142135623731,1.);
#351=ELLIPSE('',#2096,1.41421356237308,1.);
#352=LINE('',#2742,#500);
#353=LINE('',#2745,#501);
#354=LINE('',#2749,#502);
#355=LINE('',#2753,#503);
#356=LINE('',#2758,#504);
#357=LINE('',#2761,#505);
#358=LINE('',#2764,#506);
#359=LINE('',#2765,#507);
#360=LINE('',#2772,#508);
#361=LINE('',#2775,#509);
#362=LINE('',#2780,#510);
#363=LINE('',#2783,#511);
#364=LINE('',#2786,#512);
#365=LINE('',#2788,#513);
#366=LINE('',#2790,#514);
#367=LINE('',#2791,#515);
#368=LINE('',#2794,#516);
#369=LINE('',#2798,#517);
#370=LINE('',#2802,#518);
#371=LINE('',#2810,#519);
#372=LINE('',#2814,#520);
#373=LINE('',#2816,#521);
#374=LINE('',#2818,#522);
#375=LINE('',#2819,#523);
#376=LINE('',#2829,#524);
#377=LINE('',#2837,#525);
#378=LINE('',#2839,#526);
#379=LINE('',#2848,#527);
#380=LINE('',#2849,#528);
#381=LINE('',#2853,#529);
#382=LINE('',#2854,#530);
#383=LINE('',#2859,#531);
#384=LINE('',#2860,#532);
#385=LINE('',#2866,#533);
#386=LINE('',#2869,#534);
#387=LINE('',#2876,#535);
#388=LINE('',#2878,#536);
#389=LINE('',#2880,#537);
#390=LINE('',#2893,#538);
#391=LINE('',#2895,#539);
#392=LINE('',#2896,#540);
#393=LINE('',#2899,#541);
#394=LINE('',#2903,#542);
#395=LINE('',#2904,#543);
#396=LINE('',#2908,#544);
#397=LINE('',#2910,#545);
#398=LINE('',#2912,#546);
#399=LINE('',#2913,#547);
#400=LINE('',#2926,#548);
#401=LINE('',#2927,#549);
#402=LINE('',#2936,#550);
#403=LINE('',#2937,#551);
#404=LINE('',#2939,#552);
#405=LINE('',#2940,#553);
#406=LINE('',#2963,#554);
#407=LINE('',#2965,#555);
#408=LINE('',#2993,#556);
#409=LINE('',#2994,#557);
#410=LINE('',#2996,#558);
#411=LINE('',#2997,#559);
#412=LINE('',#2999,#560);
#413=LINE('',#3000,#561);
#414=LINE('',#3002,#562);
#415=LINE('',#3003,#563);
#416=LINE('',#3005,#564);
#417=LINE('',#3019,#565);
#418=LINE('',#3021,#566);
#419=LINE('',#3022,#567);
#420=LINE('',#3032,#568);
#421=LINE('',#3033,#569);
#422=LINE('',#3041,#570);
#423=LINE('',#3050,#571);
#424=LINE('',#3052,#572);
#425=LINE('',#3066,#573);
#426=LINE('',#3067,#574);
#427=LINE('',#3092,#575);
#428=LINE('',#3094,#576);
#429=LINE('',#3095,#577);
#430=LINE('',#3097,#578);
#431=LINE('',#3099,#579);
#432=LINE('',#3100,#580);
#433=LINE('',#3123,#581);
#434=LINE('',#3124,#582);
#435=LINE('',#3151,#583);
#436=LINE('',#3152,#584);
#437=LINE('',#3164,#585);
#438=LINE('',#3165,#586);
#439=LINE('',#3167,#587);
#440=LINE('',#3168,#588);
#441=LINE('',#3180,#589);
#442=LINE('',#3182,#590);
#443=LINE('',#3196,#591);
#444=LINE('',#3197,#592);
#445=LINE('',#3199,#593);
#446=LINE('',#3200,#594);
#447=LINE('',#3202,#595);
#448=LINE('',#3203,#596);
#449=LINE('',#3205,#597);
#450=LINE('',#3207,#598);
#451=LINE('',#3241,#599);
#452=LINE('',#3251,#600);
#453=LINE('',#3252,#601);
#454=LINE('',#3274,#602);
#455=LINE('',#3275,#603);
#456=LINE('',#3286,#604);
#457=LINE('',#3287,#605);
#458=LINE('',#3289,#606);
#459=LINE('',#3290,#607);
#460=LINE('',#3317,#608);
#461=LINE('',#3318,#609);
#462=LINE('',#3320,#610);
#463=LINE('',#3321,#611);
#464=LINE('',#3323,#612);
#465=LINE('',#3324,#613);
#466=LINE('',#3326,#614);
#467=LINE('',#3327,#615);
#468=LINE('',#3331,#616);
#469=LINE('',#3344,#617);
#470=LINE('',#3346,#618);
#471=LINE('',#3348,#619);
#472=LINE('',#3349,#620);
#473=LINE('',#3368,#621);
#474=LINE('',#3371,#622);
#475=LINE('',#3377,#623);
#476=LINE('',#3379,#624);
#477=LINE('',#3381,#625);
#478=LINE('',#3382,#626);
#479=LINE('',#3385,#627);
#480=LINE('',#3389,#628);
#481=LINE('',#3390,#629);
#482=LINE('',#3394,#630);
#483=LINE('',#3398,#631);
#484=LINE('',#3399,#632);
#485=LINE('',#3404,#633);
#486=LINE('',#3407,#634);
#487=LINE('',#3408,#635);
#488=LINE('',#3423,#636);
#489=LINE('',#3425,#637);
#490=LINE('',#3428,#638);
#491=LINE('',#3430,#639);
#492=LINE('',#3431,#640);
#493=LINE('',#3434,#641);
#494=LINE('',#3436,#642);
#495=LINE('',#3437,#643);
#496=LINE('',#3439,#644);
#497=LINE('',#3440,#645);
#498=LINE('',#3442,#646);
#499=LINE('',#3443,#647);
#500=VECTOR('',#2134,10.);
#501=VECTOR('',#2137,10.);
#502=VECTOR('',#2140,10.);
#503=VECTOR('',#2143,10.);
#504=VECTOR('',#2148,10.);
#505=VECTOR('',#2151,10.);
#506=VECTOR('',#2156,10.);
#507=VECTOR('',#2157,10.);
#508=VECTOR('',#2166,10.);
#509=VECTOR('',#2169,10.);
#510=VECTOR('',#2176,10.);
#511=VECTOR('',#2179,10.);
#512=VECTOR('',#2182,10.);
#513=VECTOR('',#2183,10.);
#514=VECTOR('',#2184,10.);
#515=VECTOR('',#2185,10.);
#516=VECTOR('',#2188,10.);
#517=VECTOR('',#2193,10.);
#518=VECTOR('',#2196,10.);
#519=VECTOR('',#2203,10.);
#520=VECTOR('',#2206,10.);
#521=VECTOR('',#2207,10.);
#522=VECTOR('',#2208,10.);
#523=VECTOR('',#2209,10.);
#524=VECTOR('',#2222,10.);
#525=VECTOR('',#2233,10.);
#526=VECTOR('',#2236,10.);
#527=VECTOR('',#2247,10.);
#528=VECTOR('',#2248,10.);
#529=VECTOR('',#2253,10.);
#530=VECTOR('',#2254,10.);
#531=VECTOR('',#2259,10.);
#532=VECTOR('',#2260,10.);
#533=VECTOR('',#2269,10.);
#534=VECTOR('',#2272,10.);
#535=VECTOR('',#2283,10.);
#536=VECTOR('',#2284,10.);
#537=VECTOR('',#2285,10.);
#538=VECTOR('',#2286,10.);
#539=VECTOR('',#2287,10.);
#540=VECTOR('',#2288,10.);
#541=VECTOR('',#2291,10.);
#542=VECTOR('',#2296,10.);
#543=VECTOR('',#2297,10.);
#544=VECTOR('',#2300,10.);
#545=VECTOR('',#2301,10.);
#546=VECTOR('',#2302,10.);
#547=VECTOR('',#2303,10.);
#548=VECTOR('',#2318,10.);
#549=VECTOR('',#2319,10.);
#550=VECTOR('',#2330,10.);
#551=VECTOR('',#2331,10.);
#552=VECTOR('',#2334,10.);
#553=VECTOR('',#2335,10.);
#554=VECTOR('',#2346,10.);
#555=VECTOR('',#2347,10.);
#556=VECTOR('',#2360,10.);
#557=VECTOR('',#2361,10.);
#558=VECTOR('',#2364,10.);
#559=VECTOR('',#2365,10.);
#560=VECTOR('',#2368,10.);
#561=VECTOR('',#2369,10.);
#562=VECTOR('',#2372,10.);
#563=VECTOR('',#2373,10.);
#564=VECTOR('',#2376,10.);
#565=VECTOR('',#2379,10.);
#566=VECTOR('',#2380,10.);
#567=VECTOR('',#2381,10.);
#568=VECTOR('',#2394,10.);
#569=VECTOR('',#2395,10.);
#570=VECTOR('',#2406,10.);
#571=VECTOR('',#2417,10.);
#572=VECTOR('',#2418,10.);
#573=VECTOR('',#2421,10.);
#574=VECTOR('',#2422,10.);
#575=VECTOR('',#2433,10.);
#576=VECTOR('',#2436,10.);
#577=VECTOR('',#2437,10.);
#578=VECTOR('',#2440,10.);
#579=VECTOR('',#2443,10.);
#580=VECTOR('',#2444,10.);
#581=VECTOR('',#2463,10.);
#582=VECTOR('',#2464,10.);
#583=VECTOR('',#2475,10.);
#584=VECTOR('',#2476,10.);
#585=VECTOR('',#2489,10.);
#586=VECTOR('',#2490,10.);
#587=VECTOR('',#2493,10.);
#588=VECTOR('',#2494,10.);
#589=VECTOR('',#2507,10.);
#590=VECTOR('',#2508,10.);
#591=VECTOR('',#2511,10.);
#592=VECTOR('',#2512,10.);
#593=VECTOR('',#2515,10.);
#594=VECTOR('',#2516,10.);
#595=VECTOR('',#2519,10.);
#596=VECTOR('',#2520,10.);
#597=VECTOR('',#2523,10.);
#598=VECTOR('',#2526,10.);
#599=VECTOR('',#2537,10.);
#600=VECTOR('',#2550,10.);
#601=VECTOR('',#2551,10.);
#602=VECTOR('',#2562,10.);
#603=VECTOR('',#2563,10.);
#604=VECTOR('',#2576,10.);
#605=VECTOR('',#2577,10.);
#606=VECTOR('',#2580,10.);
#607=VECTOR('',#2581,10.);
#608=VECTOR('',#2592,10.);
#609=VECTOR('',#2593,10.);
#610=VECTOR('',#2596,10.);
#611=VECTOR('',#2597,10.);
#612=VECTOR('',#2600,10.);
#613=VECTOR('',#2601,10.);
#614=VECTOR('',#2604,10.);
#615=VECTOR('',#2605,10.);
#616=VECTOR('',#2610,10.);
#617=VECTOR('',#2611,10.);
#618=VECTOR('',#2612,10.);
#619=VECTOR('',#2613,10.);
#620=VECTOR('',#2614,10.);
#621=VECTOR('',#2631,10.);
#622=VECTOR('',#2636,10.);
#623=VECTOR('',#2645,10.);
#624=VECTOR('',#2646,10.);
#625=VECTOR('',#2647,10.);
#626=VECTOR('',#2648,10.);
#627=VECTOR('',#2651,10.);
#628=VECTOR('',#2656,10.);
#629=VECTOR('',#2657,10.);
#630=VECTOR('',#2662,10.);
#631=VECTOR('',#2667,10.);
#632=VECTOR('',#2668,10.);
#633=VECTOR('',#2675,10.);
#634=VECTOR('',#2680,10.);
#635=VECTOR('',#2681,10.);
#636=VECTOR('',#2710,10.);
#637=VECTOR('',#2713,10.);
#638=VECTOR('',#2716,10.);
#639=VECTOR('',#2717,10.);
#640=VECTOR('',#2718,10.);
#641=VECTOR('',#2721,10.);
#642=VECTOR('',#2722,10.);
#643=VECTOR('',#2723,10.);
#644=VECTOR('',#2726,10.);
#645=VECTOR('',#2727,10.);
#646=VECTOR('',#2730,10.);
#647=VECTOR('',#2731,10.);
#648=CIRCLE('',#1900,0.999999999999996);
#649=CIRCLE('',#1903,0.999999999999996);
#650=CIRCLE('',#1906,0.999999999999996);
#651=CIRCLE('',#1910,1.);
#652=CIRCLE('',#1912,1.);
#653=CIRCLE('',#1915,1.);
#654=CIRCLE('',#1917,1.);
#655=CIRCLE('',#1920,0.999999999999996);
#656=CIRCLE('',#1922,1.);
#657=CIRCLE('',#1923,1.);
#658=CIRCLE('',#1924,39.);
#659=CIRCLE('',#1925,1.);
#660=CIRCLE('',#1926,1.);
#661=CIRCLE('',#1928,0.999999999999979);
#662=CIRCLE('',#1929,1.);
#663=CIRCLE('',#1930,1.00000000000001);
#664=CIRCLE('',#1932,1.00000000000001);
#665=CIRCLE('',#1934,1.);
#666=CIRCLE('',#1935,1.);
#667=CIRCLE('',#1937,0.999999999999996);
#668=CIRCLE('',#1940,1.00000000000001);
#669=CIRCLE('',#1941,1.);
#670=CIRCLE('',#1942,0.999999999999996);
#671=CIRCLE('',#1945,1.00000000000001);
#672=CIRCLE('',#1947,0.999999999999996);
#673=CIRCLE('',#1949,1.);
#674=CIRCLE('',#1951,0.999999999999993);
#675=CIRCLE('',#1952,1.00000000000001);
#676=CIRCLE('',#1954,0.999999999999994);
#677=CIRCLE('',#1956,1.);
#678=CIRCLE('',#1959,1.00000000000001);
#679=CIRCLE('',#1964,1.);
#680=CIRCLE('',#1965,0.999999999999996);
#681=CIRCLE('',#1966,1.);
#682=CIRCLE('',#1968,1.);
#683=CIRCLE('',#1970,0.999999999999996);
#684=CIRCLE('',#1971,0.999999999999996);
#685=CIRCLE('',#1972,1.);
#686=CIRCLE('',#1976,0.999999999999996);
#687=CIRCLE('',#1977,1.);
#688=CIRCLE('',#1978,1.);
#689=CIRCLE('',#1980,1.);
#690=CIRCLE('',#1982,1.);
#691=CIRCLE('',#1983,0.999999999999996);
#692=CIRCLE('',#1984,1.);
#693=CIRCLE('',#1993,0.999999999999996);
#694=CIRCLE('',#1994,1.);
#695=CIRCLE('',#1995,1.);
#696=CIRCLE('',#1998,1.);
#697=CIRCLE('',#1999,0.999999999999996);
#698=CIRCLE('',#2000,1.);
#699=CIRCLE('',#2003,1.);
#700=CIRCLE('',#2004,0.999999999999996);
#701=CIRCLE('',#2005,1.);
#702=CIRCLE('',#2009,0.999999999999996);
#703=CIRCLE('',#2010,0.999999999999996);
#704=CIRCLE('',#2011,1.);
#705=CIRCLE('',#2020,0.999999999999996);
#706=CIRCLE('',#2021,0.999999999999996);
#707=CIRCLE('',#2022,1.);
#708=CIRCLE('',#2026,0.999999999999996);
#709=CIRCLE('',#2027,0.999999999999979);
#710=CIRCLE('',#2028,1.);
#711=CIRCLE('',#2031,0.999999999999996);
#712=CIRCLE('',#2032,0.999999999999996);
#713=CIRCLE('',#2033,1.);
#714=CIRCLE('',#2035,1.);
#715=CIRCLE('',#2038,0.999999999999996);
#716=CIRCLE('',#2039,0.999999999999996);
#717=CIRCLE('',#2040,1.);
#718=CIRCLE('',#2042,1.);
#719=CIRCLE('',#2050,39.);
#720=CIRCLE('',#2051,38.);
#721=CIRCLE('',#2053,38.);
#722=CIRCLE('',#2055,0.999999999999996);
#723=CIRCLE('',#2056,0.999999999999996);
#724=CIRCLE('',#2057,1.);
#725=CIRCLE('',#2060,0.999999999999996);
#726=CIRCLE('',#2061,0.999999999999996);
#727=CIRCLE('',#2062,1.);
#728=CIRCLE('',#2065,0.999999999999996);
#729=CIRCLE('',#2066,0.999999999999996);
#730=CIRCLE('',#2067,1.);
#731=CIRCLE('',#2072,0.999999999999996);
#732=CIRCLE('',#2073,0.999999999999996);
#733=CIRCLE('',#2074,1.);
#734=CIRCLE('',#2083,38.);
#735=CIRCLE('',#2085,38.);
#736=CIRCLE('',#2087,1.00000000000001);
#737=CIRCLE('',#2090,0.999999999999996);
#738=CIRCLE('',#2092,1.);
#739=CIRCLE('',#2099,0.999999999999996);
#740=CIRCLE('',#2101,1.);
#741=CIRCLE('',#2103,1.);
#742=CIRCLE('',#2105,0.999999999999996);
#743=CIRCLE('',#2108,1.);
#744=CIRCLE('',#2110,0.999999999999993);
#745=CIRCLE('',#2112,1.);
#746=VERTEX_POINT('',#2738);
#747=VERTEX_POINT('',#2739);
#748=VERTEX_POINT('',#2741);
#749=VERTEX_POINT('',#2743);
#750=VERTEX_POINT('',#2747);
#751=VERTEX_POINT('',#2748);
#752=VERTEX_POINT('',#2750);
#753=VERTEX_POINT('',#2752);
#754=VERTEX_POINT('',#2756);
#755=VERTEX_POINT('',#2757);
#756=VERTEX_POINT('',#2760);
#757=VERTEX_POINT('',#2769);
#758=VERTEX_POINT('',#2771);
#759=VERTEX_POINT('',#2773);
#760=VERTEX_POINT('',#2779);
#761=VERTEX_POINT('',#2781);
#762=VERTEX_POINT('',#2785);
#763=VERTEX_POINT('',#2787);
#764=VERTEX_POINT('',#2789);
#765=VERTEX_POINT('',#2793);
#766=VERTEX_POINT('',#2797);
#767=VERTEX_POINT('',#2799);
#768=VERTEX_POINT('',#2801);
#769=VERTEX_POINT('',#2803);
#770=VERTEX_POINT('',#2805);
#771=VERTEX_POINT('',#2807);
#772=VERTEX_POINT('',#2809);
#773=VERTEX_POINT('',#2811);
#774=VERTEX_POINT('',#2813);
#775=VERTEX_POINT('',#2815);
#776=VERTEX_POINT('',#2817);
#777=VERTEX_POINT('',#2821);
#778=VERTEX_POINT('',#2822);
#779=VERTEX_POINT('',#2827);
#780=VERTEX_POINT('',#2831);
#781=VERTEX_POINT('',#2835);
#782=VERTEX_POINT('',#2841);
#783=VERTEX_POINT('',#2842);
#784=VERTEX_POINT('',#2844);
#785=VERTEX_POINT('',#2851);
#786=VERTEX_POINT('',#2856);
#787=VERTEX_POINT('',#2857);
#788=VERTEX_POINT('',#2864);
#789=VERTEX_POINT('',#2867);
#790=VERTEX_POINT('',#2875);
#791=VERTEX_POINT('',#2877);
#792=VERTEX_POINT('',#2879);
#793=VERTEX_POINT('',#2881);
#794=VERTEX_POINT('',#2892);
#795=VERTEX_POINT('',#2894);
#796=VERTEX_POINT('',#2898);
#797=VERTEX_POINT('',#2902);
#798=VERTEX_POINT('',#2906);
#799=VERTEX_POINT('',#2907);
#800=VERTEX_POINT('',#2909);
#801=VERTEX_POINT('',#2911);
#802=VERTEX_POINT('',#2916);
#803=VERTEX_POINT('',#2917);
#804=VERTEX_POINT('',#2919);
#805=VERTEX_POINT('',#2923);
#806=VERTEX_POINT('',#2924);
#807=VERTEX_POINT('',#2929);
#808=VERTEX_POINT('',#2930);
#809=VERTEX_POINT('',#2932);
#810=VERTEX_POINT('',#2942);
#811=VERTEX_POINT('',#2943);
#812=VERTEX_POINT('',#2945);
#813=VERTEX_POINT('',#2949);
#814=VERTEX_POINT('',#2950);
#815=VERTEX_POINT('',#2964);
#816=VERTEX_POINT('',#2968);
#817=VERTEX_POINT('',#2969);
#818=VERTEX_POINT('',#2971);
#819=VERTEX_POINT('',#2975);
#820=VERTEX_POINT('',#2976);
#821=VERTEX_POINT('',#3007);
#822=VERTEX_POINT('',#3018);
#823=VERTEX_POINT('',#3020);
#824=VERTEX_POINT('',#3025);
#825=VERTEX_POINT('',#3026);
#826=VERTEX_POINT('',#3028);
#827=VERTEX_POINT('',#3035);
#828=VERTEX_POINT('',#3036);
#829=VERTEX_POINT('',#3043);
#830=VERTEX_POINT('',#3044);
#831=VERTEX_POINT('',#3046);
#832=VERTEX_POINT('',#3051);
#833=VERTEX_POINT('',#3069);
#834=VERTEX_POINT('',#3071);
#835=VERTEX_POINT('',#3075);
#836=VERTEX_POINT('',#3113);
#837=VERTEX_POINT('',#3114);
#838=VERTEX_POINT('',#3116);
#839=VERTEX_POINT('',#3120);
#840=VERTEX_POINT('',#3121);
#841=VERTEX_POINT('',#3126);
#842=VERTEX_POINT('',#3127);
#843=VERTEX_POINT('',#3129);
#844=VERTEX_POINT('',#3133);
#845=VERTEX_POINT('',#3134);
#846=VERTEX_POINT('',#3154);
#847=VERTEX_POINT('',#3155);
#848=VERTEX_POINT('',#3157);
#849=VERTEX_POINT('',#3161);
#850=VERTEX_POINT('',#3162);
#851=VERTEX_POINT('',#3170);
#852=VERTEX_POINT('',#3171);
#853=VERTEX_POINT('',#3173);
#854=VERTEX_POINT('',#3177);
#855=VERTEX_POINT('',#3178);
#856=VERTEX_POINT('',#3181);
#857=VERTEX_POINT('',#3219);
#858=VERTEX_POINT('',#3240);
#859=VERTEX_POINT('',#3244);
#860=VERTEX_POINT('',#3245);
#861=VERTEX_POINT('',#3247);
#862=VERTEX_POINT('',#3254);
#863=VERTEX_POINT('',#3255);
#864=VERTEX_POINT('',#3257);
#865=VERTEX_POINT('',#3261);
#866=VERTEX_POINT('',#3277);
#867=VERTEX_POINT('',#3278);
#868=VERTEX_POINT('',#3280);
#869=VERTEX_POINT('',#3284);
#870=VERTEX_POINT('',#3292);
#871=VERTEX_POINT('',#3293);
#872=VERTEX_POINT('',#3295);
#873=VERTEX_POINT('',#3299);
#874=VERTEX_POINT('',#3300);
#875=VERTEX_POINT('',#3330);
#876=VERTEX_POINT('',#3332);
#877=VERTEX_POINT('',#3343);
#878=VERTEX_POINT('',#3345);
#879=VERTEX_POINT('',#3347);
#880=VERTEX_POINT('',#3364);
#881=VERTEX_POINT('',#3366);
#882=VERTEX_POINT('',#3376);
#883=VERTEX_POINT('',#3378);
#884=VERTEX_POINT('',#3380);
#885=VERTEX_POINT('',#3384);
#886=VERTEX_POINT('',#3388);
#887=VERTEX_POINT('',#3392);
#888=VERTEX_POINT('',#3396);
#889=VERTEX_POINT('',#3403);
#890=VERTEX_POINT('',#3427);
#891=VERTEX_POINT('',#3429);
#892=VERTEX_POINT('',#3433);
#893=VERTEX_POINT('',#3435);
#894=EDGE_CURVE('',#746,#747,#648,.T.);
#895=EDGE_CURVE('',#747,#748,#352,.T.);
#896=EDGE_CURVE('',#748,#749,#344,.F.);
#897=EDGE_CURVE('',#749,#746,#353,.T.);
#898=EDGE_CURVE('',#750,#751,#354,.T.);
#899=EDGE_CURVE('',#751,#752,#649,.T.);
#900=EDGE_CURVE('',#752,#753,#355,.T.);
#901=EDGE_CURVE('',#753,#750,#345,.T.);
#902=EDGE_CURVE('',#754,#755,#356,.T.);
#903=EDGE_CURVE('',#755,#746,#650,.T.);
#904=EDGE_CURVE('',#746,#756,#357,.T.);
#905=EDGE_CURVE('',#756,#754,#346,.T.);
#906=EDGE_CURVE('',#753,#754,#358,.T.);
#907=EDGE_CURVE('',#756,#750,#359,.T.);
#908=EDGE_CURVE('',#755,#747,#651,.T.);
#909=EDGE_CURVE('',#757,#751,#652,.T.);
#910=EDGE_CURVE('',#751,#758,#360,.T.);
#911=EDGE_CURVE('',#758,#759,#347,.F.);
#912=EDGE_CURVE('',#759,#757,#361,.T.);
#913=EDGE_CURVE('',#757,#752,#653,.T.);
#914=EDGE_CURVE('',#755,#760,#362,.T.);
#915=EDGE_CURVE('',#760,#761,#654,.T.);
#916=EDGE_CURVE('',#761,#747,#363,.T.);
#917=EDGE_CURVE('',#762,#752,#364,.T.);
#918=EDGE_CURVE('',#763,#762,#365,.T.);
#919=EDGE_CURVE('',#764,#763,#366,.T.);
#920=EDGE_CURVE('',#760,#764,#367,.T.);
#921=EDGE_CURVE('',#757,#765,#368,.T.);
#922=EDGE_CURVE('',#765,#762,#655,.F.);
#923=EDGE_CURVE('',#759,#766,#369,.T.);
#924=EDGE_CURVE('',#767,#766,#656,.F.);
#925=EDGE_CURVE('',#767,#768,#370,.T.);
#926=EDGE_CURVE('',#769,#768,#657,.F.);
#927=EDGE_CURVE('',#770,#769,#658,.T.);
#928=EDGE_CURVE('',#770,#771,#659,.T.);
#929=EDGE_CURVE('',#771,#772,#371,.T.);
#930=EDGE_CURVE('',#773,#772,#660,.F.);
#931=EDGE_CURVE('',#773,#774,#372,.T.);
#932=EDGE_CURVE('',#775,#774,#373,.T.);
#933=EDGE_CURVE('',#776,#775,#374,.T.);
#934=EDGE_CURVE('',#765,#776,#375,.T.);
#935=EDGE_CURVE('',#777,#778,#661,.F.);
#936=EDGE_CURVE('',#763,#777,#662,.F.);
#937=EDGE_CURVE('',#778,#763,#663,.F.);
#938=EDGE_CURVE('',#779,#764,#664,.T.);
#939=EDGE_CURVE('',#777,#779,#376,.T.);
#940=EDGE_CURVE('',#762,#780,#665,.F.);
#941=EDGE_CURVE('',#780,#765,#666,.F.);
#942=EDGE_CURVE('',#776,#781,#667,.T.);
#943=EDGE_CURVE('',#781,#780,#377,.T.);
#944=EDGE_CURVE('',#780,#778,#378,.T.);
#945=EDGE_CURVE('',#782,#783,#668,.F.);
#946=EDGE_CURVE('',#784,#782,#669,.F.);
#947=EDGE_CURVE('',#783,#784,#670,.F.);
#948=EDGE_CURVE('',#782,#777,#379,.T.);
#949=EDGE_CURVE('',#778,#784,#380,.T.);
#950=EDGE_CURVE('',#781,#785,#671,.T.);
#951=EDGE_CURVE('',#785,#783,#381,.T.);
#952=EDGE_CURVE('',#784,#781,#382,.T.);
#953=EDGE_CURVE('',#786,#787,#672,.T.);
#954=EDGE_CURVE('',#787,#782,#383,.T.);
#955=EDGE_CURVE('',#783,#786,#384,.T.);
#956=EDGE_CURVE('',#776,#785,#673,.T.);
#957=EDGE_CURVE('',#788,#779,#674,.T.);
#958=EDGE_CURVE('',#779,#787,#385,.T.);
#959=EDGE_CURVE('',#787,#789,#675,.T.);
#960=EDGE_CURVE('',#789,#788,#386,.T.);
#961=EDGE_CURVE('',#788,#764,#676,.T.);
#962=EDGE_CURVE('',#786,#789,#677,.T.);
#963=EDGE_CURVE('',#790,#750,#387,.T.);
#964=EDGE_CURVE('',#791,#790,#388,.T.);
#965=EDGE_CURVE('',#792,#791,#389,.T.);
#966=EDGE_CURVE('',#793,#792,#18,.T.);
#967=EDGE_CURVE('',#794,#793,#390,.T.);
#968=EDGE_CURVE('',#795,#794,#391,.T.);
#969=EDGE_CURVE('',#758,#795,#392,.T.);
#970=EDGE_CURVE('',#788,#796,#393,.T.);
#971=EDGE_CURVE('',#796,#760,#678,.T.);
#972=EDGE_CURVE('',#797,#789,#394,.T.);
#973=EDGE_CURVE('',#796,#797,#395,.T.);
#974=EDGE_CURVE('',#798,#799,#396,.T.);
#975=EDGE_CURVE('',#799,#800,#397,.T.);
#976=EDGE_CURVE('',#800,#801,#398,.T.);
#977=EDGE_CURVE('',#801,#798,#399,.T.);
#978=EDGE_CURVE('',#802,#803,#679,.F.);
#979=EDGE_CURVE('',#804,#802,#680,.F.);
#980=EDGE_CURVE('',#803,#804,#681,.F.);
#981=EDGE_CURVE('',#805,#806,#682,.F.);
#982=EDGE_CURVE('',#806,#804,#400,.T.);
#983=EDGE_CURVE('',#802,#805,#401,.T.);
#984=EDGE_CURVE('',#807,#808,#683,.F.);
#985=EDGE_CURVE('',#809,#807,#684,.F.);
#986=EDGE_CURVE('',#808,#809,#685,.F.);
#987=EDGE_CURVE('',#748,#809,#402,.T.);
#988=EDGE_CURVE('',#807,#749,#403,.T.);
#989=EDGE_CURVE('',#803,#808,#404,.T.);
#990=EDGE_CURVE('',#809,#802,#405,.T.);
#991=EDGE_CURVE('',#810,#811,#686,.F.);
#992=EDGE_CURVE('',#812,#810,#687,.F.);
#993=EDGE_CURVE('',#811,#812,#688,.F.);
#994=EDGE_CURVE('',#813,#814,#19,.T.);
#995=EDGE_CURVE('',#813,#812,#406,.T.);
#996=EDGE_CURVE('',#810,#815,#407,.T.);
#997=EDGE_CURVE('',#814,#815,#689,.T.);
#998=EDGE_CURVE('',#816,#817,#690,.F.);
#999=EDGE_CURVE('',#818,#816,#691,.F.);
#1000=EDGE_CURVE('',#817,#818,#692,.F.);
#1001=EDGE_CURVE('',#819,#820,#20,.T.);
#1002=EDGE_CURVE('',#819,#818,#408,.T.);
#1003=EDGE_CURVE('',#816,#820,#409,.T.);
#1004=EDGE_CURVE('',#808,#817,#410,.T.);
#1005=EDGE_CURVE('',#818,#807,#411,.T.);
#1006=EDGE_CURVE('',#817,#811,#412,.T.);
#1007=EDGE_CURVE('',#812,#816,#413,.T.);
#1008=EDGE_CURVE('',#811,#803,#414,.T.);
#1009=EDGE_CURVE('',#804,#810,#415,.T.);
#1010=EDGE_CURVE('',#805,#748,#416,.T.);
#1011=EDGE_CURVE('',#821,#819,#21,.T.);
#1012=EDGE_CURVE('',#822,#821,#417,.T.);
#1013=EDGE_CURVE('',#823,#822,#418,.T.);
#1014=EDGE_CURVE('',#823,#756,#419,.T.);
#1015=EDGE_CURVE('',#824,#825,#693,.F.);
#1016=EDGE_CURVE('',#826,#824,#694,.F.);
#1017=EDGE_CURVE('',#825,#826,#695,.F.);
#1018=EDGE_CURVE('',#766,#826,#420,.T.);
#1019=EDGE_CURVE('',#824,#767,#421,.T.);
#1020=EDGE_CURVE('',#827,#828,#696,.F.);
#1021=EDGE_CURVE('',#795,#827,#697,.F.);
#1022=EDGE_CURVE('',#828,#795,#698,.F.);
#1023=EDGE_CURVE('',#827,#759,#422,.T.);
#1024=EDGE_CURVE('',#829,#830,#699,.F.);
#1025=EDGE_CURVE('',#831,#829,#700,.F.);
#1026=EDGE_CURVE('',#830,#831,#701,.F.);
#1027=EDGE_CURVE('',#768,#831,#423,.T.);
#1028=EDGE_CURVE('',#829,#832,#424,.T.);
#1029=EDGE_CURVE('',#832,#769,#22,.F.);
#1030=EDGE_CURVE('',#825,#830,#425,.T.);
#1031=EDGE_CURVE('',#831,#824,#426,.T.);
#1032=EDGE_CURVE('',#794,#833,#702,.F.);
#1033=EDGE_CURVE('',#834,#794,#703,.F.);
#1034=EDGE_CURVE('',#833,#834,#704,.F.);
#1035=EDGE_CURVE('',#793,#835,#23,.F.);
#1036=EDGE_CURVE('',#835,#834,#427,.T.);
#1037=EDGE_CURVE('',#830,#833,#428,.T.);
#1038=EDGE_CURVE('',#834,#829,#429,.T.);
#1039=EDGE_CURVE('',#833,#828,#430,.T.);
#1040=EDGE_CURVE('',#828,#825,#431,.T.);
#1041=EDGE_CURVE('',#826,#827,#432,.T.);
#1042=EDGE_CURVE('',#835,#832,#24,.T.);
#1043=EDGE_CURVE('',#836,#837,#705,.F.);
#1044=EDGE_CURVE('',#838,#836,#706,.F.);
#1045=EDGE_CURVE('',#837,#838,#707,.F.);
#1046=EDGE_CURVE('',#839,#840,#348,.F.);
#1047=EDGE_CURVE('',#840,#838,#433,.T.);
#1048=EDGE_CURVE('',#836,#839,#434,.T.);
#1049=EDGE_CURVE('',#841,#842,#708,.F.);
#1050=EDGE_CURVE('',#843,#841,#709,.F.);
#1051=EDGE_CURVE('',#842,#843,#710,.F.);
#1052=EDGE_CURVE('',#844,#845,#25,.F.);
#1053=EDGE_CURVE('',#845,#843,#435,.T.);
#1054=EDGE_CURVE('',#841,#844,#436,.T.);
#1055=EDGE_CURVE('',#846,#847,#711,.F.);
#1056=EDGE_CURVE('',#848,#846,#712,.F.);
#1057=EDGE_CURVE('',#847,#848,#713,.F.);
#1058=EDGE_CURVE('',#849,#850,#714,.F.);
#1059=EDGE_CURVE('',#850,#848,#437,.T.);
#1060=EDGE_CURVE('',#846,#849,#438,.T.);
#1061=EDGE_CURVE('',#837,#847,#439,.T.);
#1062=EDGE_CURVE('',#848,#836,#440,.T.);
#1063=EDGE_CURVE('',#851,#852,#715,.F.);
#1064=EDGE_CURVE('',#853,#851,#716,.F.);
#1065=EDGE_CURVE('',#852,#853,#717,.F.);
#1066=EDGE_CURVE('',#854,#855,#718,.F.);
#1067=EDGE_CURVE('',#855,#853,#441,.T.);
#1068=EDGE_CURVE('',#851,#856,#442,.T.);
#1069=EDGE_CURVE('',#856,#854,#26,.F.);
#1070=EDGE_CURVE('',#847,#852,#443,.T.);
#1071=EDGE_CURVE('',#853,#846,#444,.T.);
#1072=EDGE_CURVE('',#852,#842,#445,.T.);
#1073=EDGE_CURVE('',#843,#851,#446,.T.);
#1074=EDGE_CURVE('',#842,#837,#447,.T.);
#1075=EDGE_CURVE('',#838,#841,#448,.T.);
#1076=EDGE_CURVE('',#839,#850,#449,.T.);
#1077=EDGE_CURVE('',#849,#855,#450,.T.);
#1078=EDGE_CURVE('',#814,#854,#719,.T.);
#1079=EDGE_CURVE('',#845,#856,#27,.T.);
#1080=EDGE_CURVE('',#844,#857,#28,.T.);
#1081=EDGE_CURVE('',#857,#821,#720,.T.);
#1082=EDGE_CURVE('',#820,#813,#29,.F.);
#1083=EDGE_CURVE('',#857,#858,#451,.T.);
#1084=EDGE_CURVE('',#822,#858,#721,.T.);
#1085=EDGE_CURVE('',#859,#860,#722,.F.);
#1086=EDGE_CURVE('',#861,#859,#723,.F.);
#1087=EDGE_CURVE('',#860,#861,#724,.F.);
#1088=EDGE_CURVE('',#772,#861,#452,.T.);
#1089=EDGE_CURVE('',#859,#773,#453,.T.);
#1090=EDGE_CURVE('',#862,#863,#725,.F.);
#1091=EDGE_CURVE('',#864,#862,#726,.F.);
#1092=EDGE_CURVE('',#863,#864,#727,.F.);
#1093=EDGE_CURVE('',#865,#770,#30,.T.);
#1094=EDGE_CURVE('',#865,#864,#454,.T.);
#1095=EDGE_CURVE('',#862,#771,#455,.T.);
#1096=EDGE_CURVE('',#866,#867,#728,.F.);
#1097=EDGE_CURVE('',#868,#866,#729,.F.);
#1098=EDGE_CURVE('',#867,#868,#730,.F.);
#1099=EDGE_CURVE('',#869,#774,#349,.F.);
#1100=EDGE_CURVE('',#774,#868,#456,.T.);
#1101=EDGE_CURVE('',#866,#869,#457,.T.);
#1102=EDGE_CURVE('',#860,#867,#458,.T.);
#1103=EDGE_CURVE('',#868,#859,#459,.T.);
#1104=EDGE_CURVE('',#870,#871,#731,.F.);
#1105=EDGE_CURVE('',#872,#870,#732,.F.);
#1106=EDGE_CURVE('',#871,#872,#733,.F.);
#1107=EDGE_CURVE('',#873,#874,#31,.T.);
#1108=EDGE_CURVE('',#873,#872,#460,.T.);
#1109=EDGE_CURVE('',#870,#874,#461,.T.);
#1110=EDGE_CURVE('',#867,#871,#462,.T.);
#1111=EDGE_CURVE('',#872,#866,#463,.T.);
#1112=EDGE_CURVE('',#871,#863,#464,.T.);
#1113=EDGE_CURVE('',#864,#870,#465,.T.);
#1114=EDGE_CURVE('',#863,#860,#466,.T.);
#1115=EDGE_CURVE('',#861,#862,#467,.T.);
#1116=EDGE_CURVE('',#869,#875,#468,.T.);
#1117=EDGE_CURVE('',#876,#873,#32,.T.);
#1118=EDGE_CURVE('',#877,#876,#469,.T.);
#1119=EDGE_CURVE('',#878,#877,#470,.T.);
#1120=EDGE_CURVE('',#879,#878,#471,.T.);
#1121=EDGE_CURVE('',#875,#879,#472,.T.);
#1122=EDGE_CURVE('',#792,#876,#734,.T.);
#1123=EDGE_CURVE('',#874,#865,#33,.F.);
#1124=EDGE_CURVE('',#877,#791,#735,.T.);
#1125=EDGE_CURVE('',#880,#875,#736,.T.);
#1126=EDGE_CURVE('',#879,#881,#350,.F.);
#1127=EDGE_CURVE('',#881,#880,#473,.T.);
#1128=EDGE_CURVE('',#775,#880,#737,.T.);
#1129=EDGE_CURVE('',#880,#785,#474,.T.);
#1130=EDGE_CURVE('',#775,#875,#738,.T.);
#1131=EDGE_CURVE('',#882,#881,#475,.T.);
#1132=EDGE_CURVE('',#883,#882,#476,.T.);
#1133=EDGE_CURVE('',#884,#883,#477,.T.);
#1134=EDGE_CURVE('',#786,#884,#478,.T.);
#1135=EDGE_CURVE('',#879,#885,#479,.T.);
#1136=EDGE_CURVE('',#885,#882,#351,.F.);
#1137=EDGE_CURVE('',#878,#886,#480,.F.);
#1138=EDGE_CURVE('',#885,#886,#481,.T.);
#1139=EDGE_CURVE('',#887,#883,#739,.T.);
#1140=EDGE_CURVE('',#885,#887,#482,.T.);
#1141=EDGE_CURVE('',#888,#887,#740,.T.);
#1142=EDGE_CURVE('',#887,#840,#483,.T.);
#1143=EDGE_CURVE('',#839,#888,#484,.T.);
#1144=EDGE_CURVE('',#888,#883,#741,.T.);
#1145=EDGE_CURVE('',#888,#889,#485,.T.);
#1146=EDGE_CURVE('',#889,#884,#742,.T.);
#1147=EDGE_CURVE('',#889,#761,#486,.T.);
#1148=EDGE_CURVE('',#815,#806,#487,.T.);
#1149=EDGE_CURVE('',#796,#761,#743,.T.);
#1150=EDGE_CURVE('',#797,#889,#744,.T.);
#1151=EDGE_CURVE('',#797,#884,#745,.T.);
#1152=EDGE_CURVE('',#858,#886,#488,.T.);
#1153=EDGE_CURVE('',#790,#823,#489,.F.);
#1154=EDGE_CURVE('',#890,#790,#490,.F.);
#1155=EDGE_CURVE('',#890,#891,#491,.T.);
#1156=EDGE_CURVE('',#891,#878,#492,.F.);
#1157=EDGE_CURVE('',#886,#892,#493,.F.);
#1158=EDGE_CURVE('',#893,#892,#494,.F.);
#1159=EDGE_CURVE('',#823,#893,#495,.F.);
#1160=EDGE_CURVE('',#890,#801,#496,.T.);
#1161=EDGE_CURVE('',#800,#891,#497,.F.);
#1162=EDGE_CURVE('',#798,#893,#498,.T.);
#1163=EDGE_CURVE('',#892,#799,#499,.F.);
#1164=ORIENTED_EDGE('',*,*,#894,.T.);
#1165=ORIENTED_EDGE('',*,*,#895,.T.);
#1166=ORIENTED_EDGE('',*,*,#896,.T.);
#1167=ORIENTED_EDGE('',*,*,#897,.T.);
#1168=ORIENTED_EDGE('',*,*,#898,.T.);
#1169=ORIENTED_EDGE('',*,*,#899,.T.);
#1170=ORIENTED_EDGE('',*,*,#900,.T.);
#1171=ORIENTED_EDGE('',*,*,#901,.T.);
#1172=ORIENTED_EDGE('',*,*,#902,.T.);
#1173=ORIENTED_EDGE('',*,*,#903,.T.);
#1174=ORIENTED_EDGE('',*,*,#904,.T.);
#1175=ORIENTED_EDGE('',*,*,#905,.T.);
#1176=ORIENTED_EDGE('',*,*,#906,.T.);
#1177=ORIENTED_EDGE('',*,*,#905,.F.);
#1178=ORIENTED_EDGE('',*,*,#907,.T.);
#1179=ORIENTED_EDGE('',*,*,#901,.F.);
#1180=ORIENTED_EDGE('',*,*,#903,.F.);
#1181=ORIENTED_EDGE('',*,*,#908,.T.);
#1182=ORIENTED_EDGE('',*,*,#894,.F.);
#1183=ORIENTED_EDGE('',*,*,#909,.T.);
#1184=ORIENTED_EDGE('',*,*,#910,.T.);
#1185=ORIENTED_EDGE('',*,*,#911,.T.);
#1186=ORIENTED_EDGE('',*,*,#912,.T.);
#1187=ORIENTED_EDGE('',*,*,#909,.F.);
#1188=ORIENTED_EDGE('',*,*,#913,.T.);
#1189=ORIENTED_EDGE('',*,*,#899,.F.);
#1190=ORIENTED_EDGE('',*,*,#908,.F.);
#1191=ORIENTED_EDGE('',*,*,#914,.T.);
#1192=ORIENTED_EDGE('',*,*,#915,.T.);
#1193=ORIENTED_EDGE('',*,*,#916,.T.);
#1194=ORIENTED_EDGE('',*,*,#902,.F.);
#1195=ORIENTED_EDGE('',*,*,#906,.F.);
#1196=ORIENTED_EDGE('',*,*,#900,.F.);
#1197=ORIENTED_EDGE('',*,*,#917,.F.);
#1198=ORIENTED_EDGE('',*,*,#918,.F.);
#1199=ORIENTED_EDGE('',*,*,#919,.F.);
#1200=ORIENTED_EDGE('',*,*,#920,.F.);
#1201=ORIENTED_EDGE('',*,*,#914,.F.);
#1202=ORIENTED_EDGE('',*,*,#913,.F.);
#1203=ORIENTED_EDGE('',*,*,#921,.T.);
#1204=ORIENTED_EDGE('',*,*,#922,.T.);
#1205=ORIENTED_EDGE('',*,*,#917,.T.);
#1206=ORIENTED_EDGE('',*,*,#912,.F.);
#1207=ORIENTED_EDGE('',*,*,#923,.T.);
#1208=ORIENTED_EDGE('',*,*,#924,.F.);
#1209=ORIENTED_EDGE('',*,*,#925,.T.);
#1210=ORIENTED_EDGE('',*,*,#926,.F.);
#1211=ORIENTED_EDGE('',*,*,#927,.F.);
#1212=ORIENTED_EDGE('',*,*,#928,.T.);
#1213=ORIENTED_EDGE('',*,*,#929,.T.);
#1214=ORIENTED_EDGE('',*,*,#930,.F.);
#1215=ORIENTED_EDGE('',*,*,#931,.T.);
#1216=ORIENTED_EDGE('',*,*,#932,.F.);
#1217=ORIENTED_EDGE('',*,*,#933,.F.);
#1218=ORIENTED_EDGE('',*,*,#934,.F.);
#1219=ORIENTED_EDGE('',*,*,#921,.F.);
#1220=ORIENTED_EDGE('',*,*,#935,.F.);
#1221=ORIENTED_EDGE('',*,*,#936,.F.);
#1222=ORIENTED_EDGE('',*,*,#937,.F.);
#1223=ORIENTED_EDGE('',*,*,#938,.T.);
#1224=ORIENTED_EDGE('',*,*,#919,.T.);
#1225=ORIENTED_EDGE('',*,*,#936,.T.);
#1226=ORIENTED_EDGE('',*,*,#939,.T.);
#1227=ORIENTED_EDGE('',*,*,#940,.F.);
#1228=ORIENTED_EDGE('',*,*,#922,.F.);
#1229=ORIENTED_EDGE('',*,*,#941,.F.);
#1230=ORIENTED_EDGE('',*,*,#942,.T.);
#1231=ORIENTED_EDGE('',*,*,#943,.T.);
#1232=ORIENTED_EDGE('',*,*,#941,.T.);
#1233=ORIENTED_EDGE('',*,*,#934,.T.);
#1234=ORIENTED_EDGE('',*,*,#937,.T.);
#1235=ORIENTED_EDGE('',*,*,#918,.T.);
#1236=ORIENTED_EDGE('',*,*,#940,.T.);
#1237=ORIENTED_EDGE('',*,*,#944,.T.);
#1238=ORIENTED_EDGE('',*,*,#945,.F.);
#1239=ORIENTED_EDGE('',*,*,#946,.F.);
#1240=ORIENTED_EDGE('',*,*,#947,.F.);
#1241=ORIENTED_EDGE('',*,*,#946,.T.);
#1242=ORIENTED_EDGE('',*,*,#948,.T.);
#1243=ORIENTED_EDGE('',*,*,#935,.T.);
#1244=ORIENTED_EDGE('',*,*,#949,.T.);
#1245=ORIENTED_EDGE('',*,*,#950,.T.);
#1246=ORIENTED_EDGE('',*,*,#951,.T.);
#1247=ORIENTED_EDGE('',*,*,#947,.T.);
#1248=ORIENTED_EDGE('',*,*,#952,.T.);
#1249=ORIENTED_EDGE('',*,*,#953,.T.);
#1250=ORIENTED_EDGE('',*,*,#954,.T.);
#1251=ORIENTED_EDGE('',*,*,#945,.T.);
#1252=ORIENTED_EDGE('',*,*,#955,.T.);
#1253=ORIENTED_EDGE('',*,*,#942,.F.);
#1254=ORIENTED_EDGE('',*,*,#956,.T.);
#1255=ORIENTED_EDGE('',*,*,#950,.F.);
#1256=ORIENTED_EDGE('',*,*,#957,.T.);
#1257=ORIENTED_EDGE('',*,*,#958,.T.);
#1258=ORIENTED_EDGE('',*,*,#959,.T.);
#1259=ORIENTED_EDGE('',*,*,#960,.T.);
#1260=ORIENTED_EDGE('',*,*,#957,.F.);
#1261=ORIENTED_EDGE('',*,*,#961,.T.);
#1262=ORIENTED_EDGE('',*,*,#938,.F.);
#1263=ORIENTED_EDGE('',*,*,#953,.F.);
#1264=ORIENTED_EDGE('',*,*,#962,.T.);
#1265=ORIENTED_EDGE('',*,*,#959,.F.);
#1266=ORIENTED_EDGE('',*,*,#898,.F.);
#1267=ORIENTED_EDGE('',*,*,#963,.F.);
#1268=ORIENTED_EDGE('',*,*,#964,.F.);
#1269=ORIENTED_EDGE('',*,*,#965,.F.);
#1270=ORIENTED_EDGE('',*,*,#966,.F.);
#1271=ORIENTED_EDGE('',*,*,#967,.F.);
#1272=ORIENTED_EDGE('',*,*,#968,.F.);
#1273=ORIENTED_EDGE('',*,*,#969,.F.);
#1274=ORIENTED_EDGE('',*,*,#910,.F.);
#1275=ORIENTED_EDGE('',*,*,#961,.F.);
#1276=ORIENTED_EDGE('',*,*,#970,.T.);
#1277=ORIENTED_EDGE('',*,*,#971,.T.);
#1278=ORIENTED_EDGE('',*,*,#920,.T.);
#1279=ORIENTED_EDGE('',*,*,#960,.F.);
#1280=ORIENTED_EDGE('',*,*,#972,.F.);
#1281=ORIENTED_EDGE('',*,*,#973,.F.);
#1282=ORIENTED_EDGE('',*,*,#970,.F.);
#1283=ORIENTED_EDGE('',*,*,#939,.F.);
#1284=ORIENTED_EDGE('',*,*,#948,.F.);
#1285=ORIENTED_EDGE('',*,*,#954,.F.);
#1286=ORIENTED_EDGE('',*,*,#958,.F.);
#1287=ORIENTED_EDGE('',*,*,#974,.T.);
#1288=ORIENTED_EDGE('',*,*,#975,.T.);
#1289=ORIENTED_EDGE('',*,*,#976,.T.);
#1290=ORIENTED_EDGE('',*,*,#977,.T.);
#1291=ORIENTED_EDGE('',*,*,#943,.F.);
#1292=ORIENTED_EDGE('',*,*,#952,.F.);
#1293=ORIENTED_EDGE('',*,*,#949,.F.);
#1294=ORIENTED_EDGE('',*,*,#944,.F.);
#1295=ORIENTED_EDGE('',*,*,#978,.F.);
#1296=ORIENTED_EDGE('',*,*,#979,.F.);
#1297=ORIENTED_EDGE('',*,*,#980,.F.);
#1298=ORIENTED_EDGE('',*,*,#981,.T.);
#1299=ORIENTED_EDGE('',*,*,#982,.T.);
#1300=ORIENTED_EDGE('',*,*,#979,.T.);
#1301=ORIENTED_EDGE('',*,*,#983,.T.);
#1302=ORIENTED_EDGE('',*,*,#984,.F.);
#1303=ORIENTED_EDGE('',*,*,#985,.F.);
#1304=ORIENTED_EDGE('',*,*,#986,.F.);
#1305=ORIENTED_EDGE('',*,*,#987,.T.);
#1306=ORIENTED_EDGE('',*,*,#985,.T.);
#1307=ORIENTED_EDGE('',*,*,#988,.T.);
#1308=ORIENTED_EDGE('',*,*,#896,.F.);
#1309=ORIENTED_EDGE('',*,*,#978,.T.);
#1310=ORIENTED_EDGE('',*,*,#989,.T.);
#1311=ORIENTED_EDGE('',*,*,#986,.T.);
#1312=ORIENTED_EDGE('',*,*,#990,.T.);
#1313=ORIENTED_EDGE('',*,*,#991,.F.);
#1314=ORIENTED_EDGE('',*,*,#992,.F.);
#1315=ORIENTED_EDGE('',*,*,#993,.F.);
#1316=ORIENTED_EDGE('',*,*,#994,.F.);
#1317=ORIENTED_EDGE('',*,*,#995,.T.);
#1318=ORIENTED_EDGE('',*,*,#992,.T.);
#1319=ORIENTED_EDGE('',*,*,#996,.T.);
#1320=ORIENTED_EDGE('',*,*,#997,.F.);
#1321=ORIENTED_EDGE('',*,*,#998,.F.);
#1322=ORIENTED_EDGE('',*,*,#999,.F.);
#1323=ORIENTED_EDGE('',*,*,#1000,.F.);
#1324=ORIENTED_EDGE('',*,*,#1001,.F.);
#1325=ORIENTED_EDGE('',*,*,#1002,.T.);
#1326=ORIENTED_EDGE('',*,*,#999,.T.);
#1327=ORIENTED_EDGE('',*,*,#1003,.T.);
#1328=ORIENTED_EDGE('',*,*,#984,.T.);
#1329=ORIENTED_EDGE('',*,*,#1004,.T.);
#1330=ORIENTED_EDGE('',*,*,#1000,.T.);
#1331=ORIENTED_EDGE('',*,*,#1005,.T.);
#1332=ORIENTED_EDGE('',*,*,#998,.T.);
#1333=ORIENTED_EDGE('',*,*,#1006,.T.);
#1334=ORIENTED_EDGE('',*,*,#993,.T.);
#1335=ORIENTED_EDGE('',*,*,#1007,.T.);
#1336=ORIENTED_EDGE('',*,*,#991,.T.);
#1337=ORIENTED_EDGE('',*,*,#1008,.T.);
#1338=ORIENTED_EDGE('',*,*,#980,.T.);
#1339=ORIENTED_EDGE('',*,*,#1009,.T.);
#1340=ORIENTED_EDGE('',*,*,#983,.F.);
#1341=ORIENTED_EDGE('',*,*,#990,.F.);
#1342=ORIENTED_EDGE('',*,*,#987,.F.);
#1343=ORIENTED_EDGE('',*,*,#1010,.F.);
#1344=ORIENTED_EDGE('',*,*,#988,.F.);
#1345=ORIENTED_EDGE('',*,*,#1005,.F.);
#1346=ORIENTED_EDGE('',*,*,#1002,.F.);
#1347=ORIENTED_EDGE('',*,*,#1011,.F.);
#1348=ORIENTED_EDGE('',*,*,#1012,.F.);
#1349=ORIENTED_EDGE('',*,*,#1013,.F.);
#1350=ORIENTED_EDGE('',*,*,#1014,.T.);
#1351=ORIENTED_EDGE('',*,*,#904,.F.);
#1352=ORIENTED_EDGE('',*,*,#897,.F.);
#1353=ORIENTED_EDGE('',*,*,#989,.F.);
#1354=ORIENTED_EDGE('',*,*,#1008,.F.);
#1355=ORIENTED_EDGE('',*,*,#1006,.F.);
#1356=ORIENTED_EDGE('',*,*,#1004,.F.);
#1357=ORIENTED_EDGE('',*,*,#1015,.F.);
#1358=ORIENTED_EDGE('',*,*,#1016,.F.);
#1359=ORIENTED_EDGE('',*,*,#1017,.F.);
#1360=ORIENTED_EDGE('',*,*,#924,.T.);
#1361=ORIENTED_EDGE('',*,*,#1018,.T.);
#1362=ORIENTED_EDGE('',*,*,#1016,.T.);
#1363=ORIENTED_EDGE('',*,*,#1019,.T.);
#1364=ORIENTED_EDGE('',*,*,#1020,.F.);
#1365=ORIENTED_EDGE('',*,*,#1021,.F.);
#1366=ORIENTED_EDGE('',*,*,#1022,.F.);
#1367=ORIENTED_EDGE('',*,*,#969,.T.);
#1368=ORIENTED_EDGE('',*,*,#1021,.T.);
#1369=ORIENTED_EDGE('',*,*,#1023,.T.);
#1370=ORIENTED_EDGE('',*,*,#911,.F.);
#1371=ORIENTED_EDGE('',*,*,#1024,.F.);
#1372=ORIENTED_EDGE('',*,*,#1025,.F.);
#1373=ORIENTED_EDGE('',*,*,#1026,.F.);
#1374=ORIENTED_EDGE('',*,*,#926,.T.);
#1375=ORIENTED_EDGE('',*,*,#1027,.T.);
#1376=ORIENTED_EDGE('',*,*,#1025,.T.);
#1377=ORIENTED_EDGE('',*,*,#1028,.T.);
#1378=ORIENTED_EDGE('',*,*,#1029,.T.);
#1379=ORIENTED_EDGE('',*,*,#1015,.T.);
#1380=ORIENTED_EDGE('',*,*,#1030,.T.);
#1381=ORIENTED_EDGE('',*,*,#1026,.T.);
#1382=ORIENTED_EDGE('',*,*,#1031,.T.);
#1383=ORIENTED_EDGE('',*,*,#1032,.F.);
#1384=ORIENTED_EDGE('',*,*,#1033,.F.);
#1385=ORIENTED_EDGE('',*,*,#1034,.F.);
#1386=ORIENTED_EDGE('',*,*,#1035,.T.);
#1387=ORIENTED_EDGE('',*,*,#1036,.T.);
#1388=ORIENTED_EDGE('',*,*,#1033,.T.);
#1389=ORIENTED_EDGE('',*,*,#967,.T.);
#1390=ORIENTED_EDGE('',*,*,#1024,.T.);
#1391=ORIENTED_EDGE('',*,*,#1037,.T.);
#1392=ORIENTED_EDGE('',*,*,#1034,.T.);
#1393=ORIENTED_EDGE('',*,*,#1038,.T.);
#1394=ORIENTED_EDGE('',*,*,#1032,.T.);
#1395=ORIENTED_EDGE('',*,*,#1039,.T.);
#1396=ORIENTED_EDGE('',*,*,#1022,.T.);
#1397=ORIENTED_EDGE('',*,*,#968,.T.);
#1398=ORIENTED_EDGE('',*,*,#1020,.T.);
#1399=ORIENTED_EDGE('',*,*,#1040,.T.);
#1400=ORIENTED_EDGE('',*,*,#1017,.T.);
#1401=ORIENTED_EDGE('',*,*,#1041,.T.);
#1402=ORIENTED_EDGE('',*,*,#1019,.F.);
#1403=ORIENTED_EDGE('',*,*,#1031,.F.);
#1404=ORIENTED_EDGE('',*,*,#1027,.F.);
#1405=ORIENTED_EDGE('',*,*,#925,.F.);
#1406=ORIENTED_EDGE('',*,*,#1028,.F.);
#1407=ORIENTED_EDGE('',*,*,#1038,.F.);
#1408=ORIENTED_EDGE('',*,*,#1036,.F.);
#1409=ORIENTED_EDGE('',*,*,#1042,.T.);
#1410=ORIENTED_EDGE('',*,*,#1030,.F.);
#1411=ORIENTED_EDGE('',*,*,#1040,.F.);
#1412=ORIENTED_EDGE('',*,*,#1039,.F.);
#1413=ORIENTED_EDGE('',*,*,#1037,.F.);
#1414=ORIENTED_EDGE('',*,*,#1043,.F.);
#1415=ORIENTED_EDGE('',*,*,#1044,.F.);
#1416=ORIENTED_EDGE('',*,*,#1045,.F.);
#1417=ORIENTED_EDGE('',*,*,#1046,.T.);
#1418=ORIENTED_EDGE('',*,*,#1047,.T.);
#1419=ORIENTED_EDGE('',*,*,#1044,.T.);
#1420=ORIENTED_EDGE('',*,*,#1048,.T.);
#1421=ORIENTED_EDGE('',*,*,#1049,.F.);
#1422=ORIENTED_EDGE('',*,*,#1050,.F.);
#1423=ORIENTED_EDGE('',*,*,#1051,.F.);
#1424=ORIENTED_EDGE('',*,*,#1052,.T.);
#1425=ORIENTED_EDGE('',*,*,#1053,.T.);
#1426=ORIENTED_EDGE('',*,*,#1050,.T.);
#1427=ORIENTED_EDGE('',*,*,#1054,.T.);
#1428=ORIENTED_EDGE('',*,*,#1055,.F.);
#1429=ORIENTED_EDGE('',*,*,#1056,.F.);
#1430=ORIENTED_EDGE('',*,*,#1057,.F.);
#1431=ORIENTED_EDGE('',*,*,#1058,.T.);
#1432=ORIENTED_EDGE('',*,*,#1059,.T.);
#1433=ORIENTED_EDGE('',*,*,#1056,.T.);
#1434=ORIENTED_EDGE('',*,*,#1060,.T.);
#1435=ORIENTED_EDGE('',*,*,#1043,.T.);
#1436=ORIENTED_EDGE('',*,*,#1061,.T.);
#1437=ORIENTED_EDGE('',*,*,#1057,.T.);
#1438=ORIENTED_EDGE('',*,*,#1062,.T.);
#1439=ORIENTED_EDGE('',*,*,#1063,.F.);
#1440=ORIENTED_EDGE('',*,*,#1064,.F.);
#1441=ORIENTED_EDGE('',*,*,#1065,.F.);
#1442=ORIENTED_EDGE('',*,*,#1066,.T.);
#1443=ORIENTED_EDGE('',*,*,#1067,.T.);
#1444=ORIENTED_EDGE('',*,*,#1064,.T.);
#1445=ORIENTED_EDGE('',*,*,#1068,.T.);
#1446=ORIENTED_EDGE('',*,*,#1069,.T.);
#1447=ORIENTED_EDGE('',*,*,#1055,.T.);
#1448=ORIENTED_EDGE('',*,*,#1070,.T.);
#1449=ORIENTED_EDGE('',*,*,#1065,.T.);
#1450=ORIENTED_EDGE('',*,*,#1071,.T.);
#1451=ORIENTED_EDGE('',*,*,#1063,.T.);
#1452=ORIENTED_EDGE('',*,*,#1072,.T.);
#1453=ORIENTED_EDGE('',*,*,#1051,.T.);
#1454=ORIENTED_EDGE('',*,*,#1073,.T.);
#1455=ORIENTED_EDGE('',*,*,#1049,.T.);
#1456=ORIENTED_EDGE('',*,*,#1074,.T.);
#1457=ORIENTED_EDGE('',*,*,#1045,.T.);
#1458=ORIENTED_EDGE('',*,*,#1075,.T.);
#1459=ORIENTED_EDGE('',*,*,#1048,.F.);
#1460=ORIENTED_EDGE('',*,*,#1062,.F.);
#1461=ORIENTED_EDGE('',*,*,#1059,.F.);
#1462=ORIENTED_EDGE('',*,*,#1076,.F.);
#1463=ORIENTED_EDGE('',*,*,#1060,.F.);
#1464=ORIENTED_EDGE('',*,*,#1071,.F.);
#1465=ORIENTED_EDGE('',*,*,#1067,.F.);
#1466=ORIENTED_EDGE('',*,*,#1077,.F.);
#1467=ORIENTED_EDGE('',*,*,#1061,.F.);
#1468=ORIENTED_EDGE('',*,*,#1074,.F.);
#1469=ORIENTED_EDGE('',*,*,#1072,.F.);
#1470=ORIENTED_EDGE('',*,*,#1070,.F.);
#1471=ORIENTED_EDGE('',*,*,#1078,.T.);
#1472=ORIENTED_EDGE('',*,*,#1069,.F.);
#1473=ORIENTED_EDGE('',*,*,#1079,.F.);
#1474=ORIENTED_EDGE('',*,*,#1052,.F.);
#1475=ORIENTED_EDGE('',*,*,#1080,.T.);
#1476=ORIENTED_EDGE('',*,*,#1081,.T.);
#1477=ORIENTED_EDGE('',*,*,#1011,.T.);
#1478=ORIENTED_EDGE('',*,*,#1001,.T.);
#1479=ORIENTED_EDGE('',*,*,#1082,.T.);
#1480=ORIENTED_EDGE('',*,*,#994,.T.);
#1481=ORIENTED_EDGE('',*,*,#1081,.F.);
#1482=ORIENTED_EDGE('',*,*,#1083,.T.);
#1483=ORIENTED_EDGE('',*,*,#1084,.F.);
#1484=ORIENTED_EDGE('',*,*,#1012,.T.);
#1485=ORIENTED_EDGE('',*,*,#1085,.F.);
#1486=ORIENTED_EDGE('',*,*,#1086,.F.);
#1487=ORIENTED_EDGE('',*,*,#1087,.F.);
#1488=ORIENTED_EDGE('',*,*,#930,.T.);
#1489=ORIENTED_EDGE('',*,*,#1088,.T.);
#1490=ORIENTED_EDGE('',*,*,#1086,.T.);
#1491=ORIENTED_EDGE('',*,*,#1089,.T.);
#1492=ORIENTED_EDGE('',*,*,#1090,.F.);
#1493=ORIENTED_EDGE('',*,*,#1091,.F.);
#1494=ORIENTED_EDGE('',*,*,#1092,.F.);
#1495=ORIENTED_EDGE('',*,*,#1093,.F.);
#1496=ORIENTED_EDGE('',*,*,#1094,.T.);
#1497=ORIENTED_EDGE('',*,*,#1091,.T.);
#1498=ORIENTED_EDGE('',*,*,#1095,.T.);
#1499=ORIENTED_EDGE('',*,*,#928,.F.);
#1500=ORIENTED_EDGE('',*,*,#1096,.F.);
#1501=ORIENTED_EDGE('',*,*,#1097,.F.);
#1502=ORIENTED_EDGE('',*,*,#1098,.F.);
#1503=ORIENTED_EDGE('',*,*,#1099,.T.);
#1504=ORIENTED_EDGE('',*,*,#1100,.T.);
#1505=ORIENTED_EDGE('',*,*,#1097,.T.);
#1506=ORIENTED_EDGE('',*,*,#1101,.T.);
#1507=ORIENTED_EDGE('',*,*,#1085,.T.);
#1508=ORIENTED_EDGE('',*,*,#1102,.T.);
#1509=ORIENTED_EDGE('',*,*,#1098,.T.);
#1510=ORIENTED_EDGE('',*,*,#1103,.T.);
#1511=ORIENTED_EDGE('',*,*,#1104,.F.);
#1512=ORIENTED_EDGE('',*,*,#1105,.F.);
#1513=ORIENTED_EDGE('',*,*,#1106,.F.);
#1514=ORIENTED_EDGE('',*,*,#1107,.F.);
#1515=ORIENTED_EDGE('',*,*,#1108,.T.);
#1516=ORIENTED_EDGE('',*,*,#1105,.T.);
#1517=ORIENTED_EDGE('',*,*,#1109,.T.);
#1518=ORIENTED_EDGE('',*,*,#1096,.T.);
#1519=ORIENTED_EDGE('',*,*,#1110,.T.);
#1520=ORIENTED_EDGE('',*,*,#1106,.T.);
#1521=ORIENTED_EDGE('',*,*,#1111,.T.);
#1522=ORIENTED_EDGE('',*,*,#1104,.T.);
#1523=ORIENTED_EDGE('',*,*,#1112,.T.);
#1524=ORIENTED_EDGE('',*,*,#1092,.T.);
#1525=ORIENTED_EDGE('',*,*,#1113,.T.);
#1526=ORIENTED_EDGE('',*,*,#1090,.T.);
#1527=ORIENTED_EDGE('',*,*,#1114,.T.);
#1528=ORIENTED_EDGE('',*,*,#1087,.T.);
#1529=ORIENTED_EDGE('',*,*,#1115,.T.);
#1530=ORIENTED_EDGE('',*,*,#1089,.F.);
#1531=ORIENTED_EDGE('',*,*,#1103,.F.);
#1532=ORIENTED_EDGE('',*,*,#1100,.F.);
#1533=ORIENTED_EDGE('',*,*,#931,.F.);
#1534=ORIENTED_EDGE('',*,*,#1116,.F.);
#1535=ORIENTED_EDGE('',*,*,#1101,.F.);
#1536=ORIENTED_EDGE('',*,*,#1111,.F.);
#1537=ORIENTED_EDGE('',*,*,#1108,.F.);
#1538=ORIENTED_EDGE('',*,*,#1117,.F.);
#1539=ORIENTED_EDGE('',*,*,#1118,.F.);
#1540=ORIENTED_EDGE('',*,*,#1119,.F.);
#1541=ORIENTED_EDGE('',*,*,#1120,.F.);
#1542=ORIENTED_EDGE('',*,*,#1121,.F.);
#1543=ORIENTED_EDGE('',*,*,#1102,.F.);
#1544=ORIENTED_EDGE('',*,*,#1114,.F.);
#1545=ORIENTED_EDGE('',*,*,#1112,.F.);
#1546=ORIENTED_EDGE('',*,*,#1110,.F.);
#1547=ORIENTED_EDGE('',*,*,#927,.T.);
#1548=ORIENTED_EDGE('',*,*,#1029,.F.);
#1549=ORIENTED_EDGE('',*,*,#1042,.F.);
#1550=ORIENTED_EDGE('',*,*,#1035,.F.);
#1551=ORIENTED_EDGE('',*,*,#966,.T.);
#1552=ORIENTED_EDGE('',*,*,#1122,.T.);
#1553=ORIENTED_EDGE('',*,*,#1117,.T.);
#1554=ORIENTED_EDGE('',*,*,#1107,.T.);
#1555=ORIENTED_EDGE('',*,*,#1123,.T.);
#1556=ORIENTED_EDGE('',*,*,#1093,.T.);
#1557=ORIENTED_EDGE('',*,*,#1122,.F.);
#1558=ORIENTED_EDGE('',*,*,#965,.T.);
#1559=ORIENTED_EDGE('',*,*,#1124,.F.);
#1560=ORIENTED_EDGE('',*,*,#1118,.T.);
#1561=ORIENTED_EDGE('',*,*,#1125,.T.);
#1562=ORIENTED_EDGE('',*,*,#1121,.T.);
#1563=ORIENTED_EDGE('',*,*,#1126,.T.);
#1564=ORIENTED_EDGE('',*,*,#1127,.T.);
#1565=ORIENTED_EDGE('',*,*,#956,.F.);
#1566=ORIENTED_EDGE('',*,*,#933,.T.);
#1567=ORIENTED_EDGE('',*,*,#1128,.T.);
#1568=ORIENTED_EDGE('',*,*,#1129,.T.);
#1569=ORIENTED_EDGE('',*,*,#1128,.F.);
#1570=ORIENTED_EDGE('',*,*,#1130,.T.);
#1571=ORIENTED_EDGE('',*,*,#1125,.F.);
#1572=ORIENTED_EDGE('',*,*,#1130,.F.);
#1573=ORIENTED_EDGE('',*,*,#932,.T.);
#1574=ORIENTED_EDGE('',*,*,#1099,.F.);
#1575=ORIENTED_EDGE('',*,*,#1116,.T.);
#1576=ORIENTED_EDGE('',*,*,#951,.F.);
#1577=ORIENTED_EDGE('',*,*,#1129,.F.);
#1578=ORIENTED_EDGE('',*,*,#1127,.F.);
#1579=ORIENTED_EDGE('',*,*,#1131,.F.);
#1580=ORIENTED_EDGE('',*,*,#1132,.F.);
#1581=ORIENTED_EDGE('',*,*,#1133,.F.);
#1582=ORIENTED_EDGE('',*,*,#1134,.F.);
#1583=ORIENTED_EDGE('',*,*,#955,.F.);
#1584=ORIENTED_EDGE('',*,*,#1135,.T.);
#1585=ORIENTED_EDGE('',*,*,#1136,.T.);
#1586=ORIENTED_EDGE('',*,*,#1131,.T.);
#1587=ORIENTED_EDGE('',*,*,#1126,.F.);
#1588=ORIENTED_EDGE('',*,*,#1135,.F.);
#1589=ORIENTED_EDGE('',*,*,#1120,.T.);
#1590=ORIENTED_EDGE('',*,*,#1137,.T.);
#1591=ORIENTED_EDGE('',*,*,#1138,.F.);
#1592=ORIENTED_EDGE('',*,*,#1139,.T.);
#1593=ORIENTED_EDGE('',*,*,#1132,.T.);
#1594=ORIENTED_EDGE('',*,*,#1136,.F.);
#1595=ORIENTED_EDGE('',*,*,#1140,.T.);
#1596=ORIENTED_EDGE('',*,*,#1141,.T.);
#1597=ORIENTED_EDGE('',*,*,#1142,.T.);
#1598=ORIENTED_EDGE('',*,*,#1046,.F.);
#1599=ORIENTED_EDGE('',*,*,#1143,.T.);
#1600=ORIENTED_EDGE('',*,*,#1141,.F.);
#1601=ORIENTED_EDGE('',*,*,#1144,.T.);
#1602=ORIENTED_EDGE('',*,*,#1139,.F.);
#1603=ORIENTED_EDGE('',*,*,#1144,.F.);
#1604=ORIENTED_EDGE('',*,*,#1145,.T.);
#1605=ORIENTED_EDGE('',*,*,#1146,.T.);
#1606=ORIENTED_EDGE('',*,*,#1133,.T.);
#1607=ORIENTED_EDGE('',*,*,#895,.F.);
#1608=ORIENTED_EDGE('',*,*,#916,.F.);
#1609=ORIENTED_EDGE('',*,*,#1147,.F.);
#1610=ORIENTED_EDGE('',*,*,#1145,.F.);
#1611=ORIENTED_EDGE('',*,*,#1143,.F.);
#1612=ORIENTED_EDGE('',*,*,#1076,.T.);
#1613=ORIENTED_EDGE('',*,*,#1058,.F.);
#1614=ORIENTED_EDGE('',*,*,#1077,.T.);
#1615=ORIENTED_EDGE('',*,*,#1066,.F.);
#1616=ORIENTED_EDGE('',*,*,#1078,.F.);
#1617=ORIENTED_EDGE('',*,*,#997,.T.);
#1618=ORIENTED_EDGE('',*,*,#1148,.T.);
#1619=ORIENTED_EDGE('',*,*,#981,.F.);
#1620=ORIENTED_EDGE('',*,*,#1010,.T.);
#1621=ORIENTED_EDGE('',*,*,#971,.F.);
#1622=ORIENTED_EDGE('',*,*,#1149,.T.);
#1623=ORIENTED_EDGE('',*,*,#915,.F.);
#1624=ORIENTED_EDGE('',*,*,#1149,.F.);
#1625=ORIENTED_EDGE('',*,*,#973,.T.);
#1626=ORIENTED_EDGE('',*,*,#1150,.T.);
#1627=ORIENTED_EDGE('',*,*,#1147,.T.);
#1628=ORIENTED_EDGE('',*,*,#1150,.F.);
#1629=ORIENTED_EDGE('',*,*,#1151,.T.);
#1630=ORIENTED_EDGE('',*,*,#1146,.F.);
#1631=ORIENTED_EDGE('',*,*,#962,.F.);
#1632=ORIENTED_EDGE('',*,*,#1134,.T.);
#1633=ORIENTED_EDGE('',*,*,#1151,.F.);
#1634=ORIENTED_EDGE('',*,*,#972,.T.);
#1635=ORIENTED_EDGE('',*,*,#1018,.F.);
#1636=ORIENTED_EDGE('',*,*,#923,.F.);
#1637=ORIENTED_EDGE('',*,*,#1023,.F.);
#1638=ORIENTED_EDGE('',*,*,#1041,.F.);
#1639=ORIENTED_EDGE('',*,*,#1094,.F.);
#1640=ORIENTED_EDGE('',*,*,#1123,.F.);
#1641=ORIENTED_EDGE('',*,*,#1109,.F.);
#1642=ORIENTED_EDGE('',*,*,#1113,.F.);
#1643=ORIENTED_EDGE('',*,*,#1088,.F.);
#1644=ORIENTED_EDGE('',*,*,#929,.F.);
#1645=ORIENTED_EDGE('',*,*,#1095,.F.);
#1646=ORIENTED_EDGE('',*,*,#1115,.F.);
#1647=ORIENTED_EDGE('',*,*,#1053,.F.);
#1648=ORIENTED_EDGE('',*,*,#1079,.T.);
#1649=ORIENTED_EDGE('',*,*,#1068,.F.);
#1650=ORIENTED_EDGE('',*,*,#1073,.F.);
#1651=ORIENTED_EDGE('',*,*,#995,.F.);
#1652=ORIENTED_EDGE('',*,*,#1082,.F.);
#1653=ORIENTED_EDGE('',*,*,#1003,.F.);
#1654=ORIENTED_EDGE('',*,*,#1007,.F.);
#1655=ORIENTED_EDGE('',*,*,#982,.F.);
#1656=ORIENTED_EDGE('',*,*,#1148,.F.);
#1657=ORIENTED_EDGE('',*,*,#996,.F.);
#1658=ORIENTED_EDGE('',*,*,#1009,.F.);
#1659=ORIENTED_EDGE('',*,*,#1142,.F.);
#1660=ORIENTED_EDGE('',*,*,#1140,.F.);
#1661=ORIENTED_EDGE('',*,*,#1138,.T.);
#1662=ORIENTED_EDGE('',*,*,#1152,.F.);
#1663=ORIENTED_EDGE('',*,*,#1083,.F.);
#1664=ORIENTED_EDGE('',*,*,#1080,.F.);
#1665=ORIENTED_EDGE('',*,*,#1054,.F.);
#1666=ORIENTED_EDGE('',*,*,#1075,.F.);
#1667=ORIENTED_EDGE('',*,*,#1047,.F.);
#1668=ORIENTED_EDGE('',*,*,#907,.F.);
#1669=ORIENTED_EDGE('',*,*,#1014,.F.);
#1670=ORIENTED_EDGE('',*,*,#1153,.F.);
#1671=ORIENTED_EDGE('',*,*,#963,.T.);
#1672=ORIENTED_EDGE('',*,*,#964,.T.);
#1673=ORIENTED_EDGE('',*,*,#1154,.F.);
#1674=ORIENTED_EDGE('',*,*,#1155,.T.);
#1675=ORIENTED_EDGE('',*,*,#1156,.T.);
#1676=ORIENTED_EDGE('',*,*,#1119,.T.);
#1677=ORIENTED_EDGE('',*,*,#1124,.T.);
#1678=ORIENTED_EDGE('',*,*,#1013,.T.);
#1679=ORIENTED_EDGE('',*,*,#1084,.T.);
#1680=ORIENTED_EDGE('',*,*,#1152,.T.);
#1681=ORIENTED_EDGE('',*,*,#1157,.T.);
#1682=ORIENTED_EDGE('',*,*,#1158,.F.);
#1683=ORIENTED_EDGE('',*,*,#1159,.F.);
#1684=ORIENTED_EDGE('',*,*,#1160,.T.);
#1685=ORIENTED_EDGE('',*,*,#976,.F.);
#1686=ORIENTED_EDGE('',*,*,#1161,.T.);
#1687=ORIENTED_EDGE('',*,*,#1155,.F.);
#1688=ORIENTED_EDGE('',*,*,#1162,.T.);
#1689=ORIENTED_EDGE('',*,*,#1158,.T.);
#1690=ORIENTED_EDGE('',*,*,#1163,.T.);
#1691=ORIENTED_EDGE('',*,*,#974,.F.);
#1692=ORIENTED_EDGE('',*,*,#1156,.F.);
#1693=ORIENTED_EDGE('',*,*,#1161,.F.);
#1694=ORIENTED_EDGE('',*,*,#975,.F.);
#1695=ORIENTED_EDGE('',*,*,#1163,.F.);
#1696=ORIENTED_EDGE('',*,*,#1157,.F.);
#1697=ORIENTED_EDGE('',*,*,#1137,.F.);
#1698=ORIENTED_EDGE('',*,*,#1154,.T.);
#1699=ORIENTED_EDGE('',*,*,#1153,.T.);
#1700=ORIENTED_EDGE('',*,*,#1159,.T.);
#1701=ORIENTED_EDGE('',*,*,#1162,.F.);
#1702=ORIENTED_EDGE('',*,*,#977,.F.);
#1703=ORIENTED_EDGE('',*,*,#1160,.F.);
#1704=CYLINDRICAL_SURFACE('',#1899,1.);
#1705=CYLINDRICAL_SURFACE('',#1902,1.);
#1706=CYLINDRICAL_SURFACE('',#1905,1.);
#1707=CYLINDRICAL_SURFACE('',#1908,1.);
#1708=CYLINDRICAL_SURFACE('',#1911,1.);
#1709=CYLINDRICAL_SURFACE('',#1916,1.);
#1710=CYLINDRICAL_SURFACE('',#1919,1.);
#1711=CYLINDRICAL_SURFACE('',#1931,1.);
#1712=CYLINDRICAL_SURFACE('',#1936,1.);
#1713=CYLINDRICAL_SURFACE('',#1938,1.);
#1714=CYLINDRICAL_SURFACE('',#1943,1.);
#1715=CYLINDRICAL_SURFACE('',#1944,1.);
#1716=CYLINDRICAL_SURFACE('',#1946,1.);
#1717=CYLINDRICAL_SURFACE('',#1950,1.);
#1718=CYLINDRICAL_SURFACE('',#1958,1.);
#1719=CYLINDRICAL_SURFACE('',#1967,1.);
#1720=CYLINDRICAL_SURFACE('',#1973,1.);
#1721=CYLINDRICAL_SURFACE('',#1974,1.);
#1722=CYLINDRICAL_SURFACE('',#1979,1.);
#1723=CYLINDRICAL_SURFACE('',#1985,1.);
#1724=CYLINDRICAL_SURFACE('',#1986,1.);
#1725=CYLINDRICAL_SURFACE('',#1987,1.);
#1726=CYLINDRICAL_SURFACE('',#1988,1.);
#1727=CYLINDRICAL_SURFACE('',#1996,1.);
#1728=CYLINDRICAL_SURFACE('',#2001,1.);
#1729=CYLINDRICAL_SURFACE('',#2006,1.);
#1730=CYLINDRICAL_SURFACE('',#2007,1.);
#1731=CYLINDRICAL_SURFACE('',#2012,1.);
#1732=CYLINDRICAL_SURFACE('',#2013,1.);
#1733=CYLINDRICAL_SURFACE('',#2014,1.);
#1734=CYLINDRICAL_SURFACE('',#2015,1.);
#1735=CYLINDRICAL_SURFACE('',#2023,1.);
#1736=CYLINDRICAL_SURFACE('',#2029,1.);
#1737=CYLINDRICAL_SURFACE('',#2034,1.);
#1738=CYLINDRICAL_SURFACE('',#2036,1.);
#1739=CYLINDRICAL_SURFACE('',#2041,1.);
#1740=CYLINDRICAL_SURFACE('',#2043,1.);
#1741=CYLINDRICAL_SURFACE('',#2044,1.);
#1742=CYLINDRICAL_SURFACE('',#2045,1.);
#1743=CYLINDRICAL_SURFACE('',#2052,38.);
#1744=CYLINDRICAL_SURFACE('',#2058,1.);
#1745=CYLINDRICAL_SURFACE('',#2063,1.);
#1746=CYLINDRICAL_SURFACE('',#2068,1.);
#1747=CYLINDRICAL_SURFACE('',#2070,1.);
#1748=CYLINDRICAL_SURFACE('',#2075,1.);
#1749=CYLINDRICAL_SURFACE('',#2076,1.);
#1750=CYLINDRICAL_SURFACE('',#2077,1.);
#1751=CYLINDRICAL_SURFACE('',#2078,1.);
#1752=CYLINDRICAL_SURFACE('',#2084,38.);
#1753=CYLINDRICAL_SURFACE('',#2086,1.);
#1754=CYLINDRICAL_SURFACE('',#2089,1.);
#1755=CYLINDRICAL_SURFACE('',#2093,1.);
#1756=CYLINDRICAL_SURFACE('',#2095,1.);
#1757=CYLINDRICAL_SURFACE('',#2098,1.);
#1758=CYLINDRICAL_SURFACE('',#2100,1.);
#1759=CYLINDRICAL_SURFACE('',#2104,1.);
#1760=CYLINDRICAL_SURFACE('',#2109,1.);
#1761=CYLINDRICAL_SURFACE('',#2113,1.);
#1762=ADVANCED_FACE('',(#97),#1704,.T.);
#1763=ADVANCED_FACE('',(#98),#1705,.T.);
#1764=ADVANCED_FACE('',(#99),#1706,.T.);
#1765=ADVANCED_FACE('',(#100),#1707,.T.);
#1766=ADVANCED_FACE('',(#101),#69,.T.);
#1767=ADVANCED_FACE('',(#102),#1708,.T.);
#1768=ADVANCED_FACE('',(#103),#70,.T.);
#1769=ADVANCED_FACE('',(#104),#1709,.T.);
#1770=ADVANCED_FACE('',(#105),#34,.F.);
#1771=ADVANCED_FACE('',(#106),#1710,.T.);
#1772=ADVANCED_FACE('',(#107),#35,.T.);
#1773=ADVANCED_FACE('',(#108),#71,.T.);
#1774=ADVANCED_FACE('',(#109),#1711,.T.);
#1775=ADVANCED_FACE('',(#110),#72,.T.);
#1776=ADVANCED_FACE('',(#111),#1712,.T.);
#1777=ADVANCED_FACE('',(#112),#1713,.T.);
#1778=ADVANCED_FACE('',(#113),#73,.T.);
#1779=ADVANCED_FACE('',(#114),#1714,.T.);
#1780=ADVANCED_FACE('',(#115),#1715,.T.);
#1781=ADVANCED_FACE('',(#116),#1716,.T.);
#1782=ADVANCED_FACE('',(#117),#74,.T.);
#1783=ADVANCED_FACE('',(#118),#1717,.T.);
#1784=ADVANCED_FACE('',(#119),#75,.T.);
#1785=ADVANCED_FACE('',(#120),#76,.T.);
#1786=ADVANCED_FACE('',(#121),#36,.F.);
#1787=ADVANCED_FACE('',(#122),#1718,.T.);
#1788=ADVANCED_FACE('',(#123),#37,.T.);
#1789=ADVANCED_FACE('',(#124,#17),#38,.T.);
#1790=ADVANCED_FACE('',(#125),#39,.T.);
#1791=ADVANCED_FACE('',(#126),#77,.T.);
#1792=ADVANCED_FACE('',(#127),#1719,.T.);
#1793=ADVANCED_FACE('',(#128),#78,.T.);
#1794=ADVANCED_FACE('',(#129),#1720,.T.);
#1795=ADVANCED_FACE('',(#130),#1721,.T.);
#1796=ADVANCED_FACE('',(#131),#79,.T.);
#1797=ADVANCED_FACE('',(#132),#1722,.T.);
#1798=ADVANCED_FACE('',(#133),#80,.T.);
#1799=ADVANCED_FACE('',(#134),#1723,.T.);
#1800=ADVANCED_FACE('',(#135),#1724,.T.);
#1801=ADVANCED_FACE('',(#136),#1725,.T.);
#1802=ADVANCED_FACE('',(#137),#1726,.T.);
#1803=ADVANCED_FACE('',(#138),#40,.T.);
#1804=ADVANCED_FACE('',(#139),#41,.F.);
#1805=ADVANCED_FACE('',(#140),#42,.T.);
#1806=ADVANCED_FACE('',(#141),#81,.T.);
#1807=ADVANCED_FACE('',(#142),#1727,.T.);
#1808=ADVANCED_FACE('',(#143),#82,.T.);
#1809=ADVANCED_FACE('',(#144),#1728,.T.);
#1810=ADVANCED_FACE('',(#145),#83,.T.);
#1811=ADVANCED_FACE('',(#146),#1729,.T.);
#1812=ADVANCED_FACE('',(#147),#1730,.T.);
#1813=ADVANCED_FACE('',(#148),#84,.T.);
#1814=ADVANCED_FACE('',(#149),#1731,.T.);
#1815=ADVANCED_FACE('',(#150),#1732,.T.);
#1816=ADVANCED_FACE('',(#151),#1733,.T.);
#1817=ADVANCED_FACE('',(#152),#1734,.T.);
#1818=ADVANCED_FACE('',(#153),#43,.T.);
#1819=ADVANCED_FACE('',(#154),#44,.T.);
#1820=ADVANCED_FACE('',(#155),#45,.T.);
#1821=ADVANCED_FACE('',(#156),#85,.T.);
#1822=ADVANCED_FACE('',(#157),#1735,.T.);
#1823=ADVANCED_FACE('',(#158),#86,.T.);
#1824=ADVANCED_FACE('',(#159),#1736,.T.);
#1825=ADVANCED_FACE('',(#160),#87,.T.);
#1826=ADVANCED_FACE('',(#161),#1737,.T.);
#1827=ADVANCED_FACE('',(#162),#1738,.T.);
#1828=ADVANCED_FACE('',(#163),#88,.T.);
#1829=ADVANCED_FACE('',(#164),#1739,.T.);
#1830=ADVANCED_FACE('',(#165),#1740,.T.);
#1831=ADVANCED_FACE('',(#166),#1741,.T.);
#1832=ADVANCED_FACE('',(#167),#1742,.T.);
#1833=ADVANCED_FACE('',(#168),#46,.T.);
#1834=ADVANCED_FACE('',(#169),#47,.T.);
#1835=ADVANCED_FACE('',(#170),#48,.T.);
#1836=ADVANCED_FACE('',(#171),#15,.T.);
#1837=ADVANCED_FACE('',(#172),#1743,.F.);
#1838=ADVANCED_FACE('',(#173),#89,.T.);
#1839=ADVANCED_FACE('',(#174),#1744,.T.);
#1840=ADVANCED_FACE('',(#175),#90,.T.);
#1841=ADVANCED_FACE('',(#176),#1745,.T.);
#1842=ADVANCED_FACE('',(#177),#91,.T.);
#1843=ADVANCED_FACE('',(#178),#1746,.T.);
#1844=ADVANCED_FACE('',(#179),#1747,.T.);
#1845=ADVANCED_FACE('',(#180),#92,.T.);
#1846=ADVANCED_FACE('',(#181),#1748,.T.);
#1847=ADVANCED_FACE('',(#182),#1749,.T.);
#1848=ADVANCED_FACE('',(#183),#1750,.T.);
#1849=ADVANCED_FACE('',(#184),#1751,.T.);
#1850=ADVANCED_FACE('',(#185),#49,.T.);
#1851=ADVANCED_FACE('',(#186),#50,.F.);
#1852=ADVANCED_FACE('',(#187),#51,.T.);
#1853=ADVANCED_FACE('',(#188),#16,.T.);
#1854=ADVANCED_FACE('',(#189),#1752,.F.);
#1855=ADVANCED_FACE('',(#190),#1753,.T.);
#1856=ADVANCED_FACE('',(#191),#1754,.T.);
#1857=ADVANCED_FACE('',(#192),#93,.T.);
#1858=ADVANCED_FACE('',(#193),#1755,.T.);
#1859=ADVANCED_FACE('',(#194),#52,.T.);
#1860=ADVANCED_FACE('',(#195),#1756,.T.);
#1861=ADVANCED_FACE('',(#196),#53,.F.);
#1862=ADVANCED_FACE('',(#197),#1757,.T.);
#1863=ADVANCED_FACE('',(#198),#1758,.T.);
#1864=ADVANCED_FACE('',(#199),#94,.T.);
#1865=ADVANCED_FACE('',(#200),#1759,.T.);
#1866=ADVANCED_FACE('',(#201),#54,.T.);
#1867=ADVANCED_FACE('',(#202),#95,.T.);
#1868=ADVANCED_FACE('',(#203),#1760,.T.);
#1869=ADVANCED_FACE('',(#204),#96,.T.);
#1870=ADVANCED_FACE('',(#205),#1761,.T.);
#1871=ADVANCED_FACE('',(#206),#55,.T.);
#1872=ADVANCED_FACE('',(#207),#56,.T.);
#1873=ADVANCED_FACE('',(#208),#57,.T.);
#1874=ADVANCED_FACE('',(#209),#58,.T.);
#1875=ADVANCED_FACE('',(#210),#59,.T.);
#1876=ADVANCED_FACE('',(#211),#60,.T.);
#1877=ADVANCED_FACE('',(#212),#61,.F.);
#1878=ADVANCED_FACE('',(#213),#62,.F.);
#1879=ADVANCED_FACE('',(#214),#63,.F.);
#1880=ADVANCED_FACE('',(#215),#64,.F.);
#1881=ADVANCED_FACE('',(#216),#65,.F.);
#1882=ADVANCED_FACE('',(#217),#66,.F.);
#1883=ADVANCED_FACE('',(#218),#67,.F.);
#1884=ADVANCED_FACE('',(#219),#68,.T.);
#1885=CLOSED_SHELL('',(#1762,#1763,#1764,#1765,#1766,#1767,#1768,#1769,
#1770,#1771,#1772,#1773,#1774,#1775,#1776,#1777,#1778,#1779,#1780,#1781,
#1782,#1783,#1784,#1785,#1786,#1787,#1788,#1789,#1790,#1791,#1792,#1793,
#1794,#1795,#1796,#1797,#1798,#1799,#1800,#1801,#1802,#1803,#1804,#1805,
#1806,#1807,#1808,#1809,#1810,#1811,#1812,#1813,#1814,#1815,#1816,#1817,
#1818,#1819,#1820,#1821,#1822,#1823,#1824,#1825,#1826,#1827,#1828,#1829,
#1830,#1831,#1832,#1833,#1834,#1835,#1836,#1837,#1838,#1839,#1840,#1841,
#1842,#1843,#1844,#1845,#1846,#1847,#1848,#1849,#1850,#1851,#1852,#1853,
#1854,#1855,#1856,#1857,#1858,#1859,#1860,#1861,#1862,#1863,#1864,#1865,
#1866,#1867,#1868,#1869,#1870,#1871,#1872,#1873,#1874,#1875,#1876,#1877,
#1878,#1879,#1880,#1881,#1882,#1883,#1884));
#1886=DERIVED_UNIT_ELEMENT(#1888,1.);
#1887=DERIVED_UNIT_ELEMENT(#3451,-3.);
#1888=(
MASS_UNIT()
NAMED_UNIT(*)
SI_UNIT(.KILO.,.GRAM.)
);
#1889=DERIVED_UNIT((#1886,#1887));
#1890=MEASURE_REPRESENTATION_ITEM('density measure',
POSITIVE_RATIO_MEASURE(7850.),#1889);
#1891=PROPERTY_DEFINITION_REPRESENTATION(#1896,#1893);
#1892=PROPERTY_DEFINITION_REPRESENTATION(#1897,#1894);
#1893=REPRESENTATION('material name',(#1895),#3448);
#1894=REPRESENTATION('density',(#1890),#3448);
#1895=DESCRIPTIVE_REPRESENTATION_ITEM('\X2\94A2\X0\','\X2\94A2\X0\');
#1896=PROPERTY_DEFINITION('material property','material name',#3458);
#1897=PROPERTY_DEFINITION('material property','density of part',#3458);
#1898=AXIS2_PLACEMENT_3D('',#2736,#2128,#2129);
#1899=AXIS2_PLACEMENT_3D('',#2737,#2130,#2131);
#1900=AXIS2_PLACEMENT_3D('',#2740,#2132,#2133);
#1901=AXIS2_PLACEMENT_3D('',#2744,#2135,#2136);
#1902=AXIS2_PLACEMENT_3D('',#2746,#2138,#2139);
#1903=AXIS2_PLACEMENT_3D('',#2751,#2141,#2142);
#1904=AXIS2_PLACEMENT_3D('',#2754,#2144,#2145);
#1905=AXIS2_PLACEMENT_3D('',#2755,#2146,#2147);
#1906=AXIS2_PLACEMENT_3D('',#2759,#2149,#2150);
#1907=AXIS2_PLACEMENT_3D('',#2762,#2152,#2153);
#1908=AXIS2_PLACEMENT_3D('',#2763,#2154,#2155);
#1909=AXIS2_PLACEMENT_3D('',#2766,#2158,#2159);
#1910=AXIS2_PLACEMENT_3D('',#2767,#2160,#2161);
#1911=AXIS2_PLACEMENT_3D('',#2768,#2162,#2163);
#1912=AXIS2_PLACEMENT_3D('',#2770,#2164,#2165);
#1913=AXIS2_PLACEMENT_3D('',#2774,#2167,#2168);
#1914=AXIS2_PLACEMENT_3D('',#2776,#2170,#2171);
#1915=AXIS2_PLACEMENT_3D('',#2777,#2172,#2173);
#1916=AXIS2_PLACEMENT_3D('',#2778,#2174,#2175);
#1917=AXIS2_PLACEMENT_3D('',#2782,#2177,#2178);
#1918=AXIS2_PLACEMENT_3D('',#2784,#2180,#2181);
#1919=AXIS2_PLACEMENT_3D('',#2792,#2186,#2187);
#1920=AXIS2_PLACEMENT_3D('',#2795,#2189,#2190);
#1921=AXIS2_PLACEMENT_3D('',#2796,#2191,#2192);
#1922=AXIS2_PLACEMENT_3D('',#2800,#2194,#2195);
#1923=AXIS2_PLACEMENT_3D('',#2804,#2197,#2198);
#1924=AXIS2_PLACEMENT_3D('',#2806,#2199,#2200);
#1925=AXIS2_PLACEMENT_3D('',#2808,#2201,#2202);
#1926=AXIS2_PLACEMENT_3D('',#2812,#2204,#2205);
#1927=AXIS2_PLACEMENT_3D('',#2820,#2210,#2211);
#1928=AXIS2_PLACEMENT_3D('',#2823,#2212,#2213);
#1929=AXIS2_PLACEMENT_3D('',#2824,#2214,#2215);
#1930=AXIS2_PLACEMENT_3D('',#2825,#2216,#2217);
#1931=AXIS2_PLACEMENT_3D('',#2826,#2218,#2219);
#1932=AXIS2_PLACEMENT_3D('',#2828,#2220,#2221);
#1933=AXIS2_PLACEMENT_3D('',#2830,#2223,#2224);
#1934=AXIS2_PLACEMENT_3D('',#2832,#2225,#2226);
#1935=AXIS2_PLACEMENT_3D('',#2833,#2227,#2228);
#1936=AXIS2_PLACEMENT_3D('',#2834,#2229,#2230);
#1937=AXIS2_PLACEMENT_3D('',#2836,#2231,#2232);
#1938=AXIS2_PLACEMENT_3D('',#2838,#2234,#2235);
#1939=AXIS2_PLACEMENT_3D('',#2840,#2237,#2238);
#1940=AXIS2_PLACEMENT_3D('',#2843,#2239,#2240);
#1941=AXIS2_PLACEMENT_3D('',#2845,#2241,#2242);
#1942=AXIS2_PLACEMENT_3D('',#2846,#2243,#2244);
#1943=AXIS2_PLACEMENT_3D('',#2847,#2245,#2246);
#1944=AXIS2_PLACEMENT_3D('',#2850,#2249,#2250);
#1945=AXIS2_PLACEMENT_3D('',#2852,#2251,#2252);
#1946=AXIS2_PLACEMENT_3D('',#2855,#2255,#2256);
#1947=AXIS2_PLACEMENT_3D('',#2858,#2257,#2258);
#1948=AXIS2_PLACEMENT_3D('',#2861,#2261,#2262);
#1949=AXIS2_PLACEMENT_3D('',#2862,#2263,#2264);
#1950=AXIS2_PLACEMENT_3D('',#2863,#2265,#2266);
#1951=AXIS2_PLACEMENT_3D('',#2865,#2267,#2268);
#1952=AXIS2_PLACEMENT_3D('',#2868,#2270,#2271);
#1953=AXIS2_PLACEMENT_3D('',#2870,#2273,#2274);
#1954=AXIS2_PLACEMENT_3D('',#2871,#2275,#2276);
#1955=AXIS2_PLACEMENT_3D('',#2872,#2277,#2278);
#1956=AXIS2_PLACEMENT_3D('',#2873,#2279,#2280);
#1957=AXIS2_PLACEMENT_3D('',#2874,#2281,#2282);
#1958=AXIS2_PLACEMENT_3D('',#2897,#2289,#2290);
#1959=AXIS2_PLACEMENT_3D('',#2900,#2292,#2293);
#1960=AXIS2_PLACEMENT_3D('',#2901,#2294,#2295);
#1961=AXIS2_PLACEMENT_3D('',#2905,#2298,#2299);
#1962=AXIS2_PLACEMENT_3D('',#2914,#2304,#2305);
#1963=AXIS2_PLACEMENT_3D('',#2915,#2306,#2307);
#1964=AXIS2_PLACEMENT_3D('',#2918,#2308,#2309);
#1965=AXIS2_PLACEMENT_3D('',#2920,#2310,#2311);
#1966=AXIS2_PLACEMENT_3D('',#2921,#2312,#2313);
#1967=AXIS2_PLACEMENT_3D('',#2922,#2314,#2315);
#1968=AXIS2_PLACEMENT_3D('',#2925,#2316,#2317);
#1969=AXIS2_PLACEMENT_3D('',#2928,#2320,#2321);
#1970=AXIS2_PLACEMENT_3D('',#2931,#2322,#2323);
#1971=AXIS2_PLACEMENT_3D('',#2933,#2324,#2325);
#1972=AXIS2_PLACEMENT_3D('',#2934,#2326,#2327);
#1973=AXIS2_PLACEMENT_3D('',#2935,#2328,#2329);
#1974=AXIS2_PLACEMENT_3D('',#2938,#2332,#2333);
#1975=AXIS2_PLACEMENT_3D('',#2941,#2336,#2337);
#1976=AXIS2_PLACEMENT_3D('',#2944,#2338,#2339);
#1977=AXIS2_PLACEMENT_3D('',#2946,#2340,#2341);
#1978=AXIS2_PLACEMENT_3D('',#2947,#2342,#2343);
#1979=AXIS2_PLACEMENT_3D('',#2948,#2344,#2345);
#1980=AXIS2_PLACEMENT_3D('',#2966,#2348,#2349);
#1981=AXIS2_PLACEMENT_3D('',#2967,#2350,#2351);
#1982=AXIS2_PLACEMENT_3D('',#2970,#2352,#2353);
#1983=AXIS2_PLACEMENT_3D('',#2972,#2354,#2355);
#1984=AXIS2_PLACEMENT_3D('',#2973,#2356,#2357);
#1985=AXIS2_PLACEMENT_3D('',#2974,#2358,#2359);
#1986=AXIS2_PLACEMENT_3D('',#2995,#2362,#2363);
#1987=AXIS2_PLACEMENT_3D('',#2998,#2366,#2367);
#1988=AXIS2_PLACEMENT_3D('',#3001,#2370,#2371);
#1989=AXIS2_PLACEMENT_3D('',#3004,#2374,#2375);
#1990=AXIS2_PLACEMENT_3D('',#3006,#2377,#2378);
#1991=AXIS2_PLACEMENT_3D('',#3023,#2382,#2383);
#1992=AXIS2_PLACEMENT_3D('',#3024,#2384,#2385);
#1993=AXIS2_PLACEMENT_3D('',#3027,#2386,#2387);
#1994=AXIS2_PLACEMENT_3D('',#3029,#2388,#2389);
#1995=AXIS2_PLACEMENT_3D('',#3030,#2390,#2391);
#1996=AXIS2_PLACEMENT_3D('',#3031,#2392,#2393);
#1997=AXIS2_PLACEMENT_3D('',#3034,#2396,#2397);
#1998=AXIS2_PLACEMENT_3D('',#3037,#2398,#2399);
#1999=AXIS2_PLACEMENT_3D('',#3038,#2400,#2401);
#2000=AXIS2_PLACEMENT_3D('',#3039,#2402,#2403);
#2001=AXIS2_PLACEMENT_3D('',#3040,#2404,#2405);
#2002=AXIS2_PLACEMENT_3D('',#3042,#2407,#2408);
#2003=AXIS2_PLACEMENT_3D('',#3045,#2409,#2410);
#2004=AXIS2_PLACEMENT_3D('',#3047,#2411,#2412);
#2005=AXIS2_PLACEMENT_3D('',#3048,#2413,#2414);
#2006=AXIS2_PLACEMENT_3D('',#3049,#2415,#2416);
#2007=AXIS2_PLACEMENT_3D('',#3065,#2419,#2420);
#2008=AXIS2_PLACEMENT_3D('',#3068,#2423,#2424);
#2009=AXIS2_PLACEMENT_3D('',#3070,#2425,#2426);
#2010=AXIS2_PLACEMENT_3D('',#3072,#2427,#2428);
#2011=AXIS2_PLACEMENT_3D('',#3073,#2429,#2430);
#2012=AXIS2_PLACEMENT_3D('',#3074,#2431,#2432);
#2013=AXIS2_PLACEMENT_3D('',#3093,#2434,#2435);
#2014=AXIS2_PLACEMENT_3D('',#3096,#2438,#2439);
#2015=AXIS2_PLACEMENT_3D('',#3098,#2441,#2442);
#2016=AXIS2_PLACEMENT_3D('',#3101,#2445,#2446);
#2017=AXIS2_PLACEMENT_3D('',#3102,#2447,#2448);
#2018=AXIS2_PLACEMENT_3D('',#3111,#2449,#2450);
#2019=AXIS2_PLACEMENT_3D('',#3112,#2451,#2452);
#2020=AXIS2_PLACEMENT_3D('',#3115,#2453,#2454);
#2021=AXIS2_PLACEMENT_3D('',#3117,#2455,#2456);
#2022=AXIS2_PLACEMENT_3D('',#3118,#2457,#2458);
#2023=AXIS2_PLACEMENT_3D('',#3119,#2459,#2460);
#2024=AXIS2_PLACEMENT_3D('',#3122,#2461,#2462);
#2025=AXIS2_PLACEMENT_3D('',#3125,#2465,#2466);
#2026=AXIS2_PLACEMENT_3D('',#3128,#2467,#2468);
#2027=AXIS2_PLACEMENT_3D('',#3130,#2469,#2470);
#2028=AXIS2_PLACEMENT_3D('',#3131,#2471,#2472);
#2029=AXIS2_PLACEMENT_3D('',#3132,#2473,#2474);
#2030=AXIS2_PLACEMENT_3D('',#3153,#2477,#2478);
#2031=AXIS2_PLACEMENT_3D('',#3156,#2479,#2480);
#2032=AXIS2_PLACEMENT_3D('',#3158,#2481,#2482);
#2033=AXIS2_PLACEMENT_3D('',#3159,#2483,#2484);
#2034=AXIS2_PLACEMENT_3D('',#3160,#2485,#2486);
#2035=AXIS2_PLACEMENT_3D('',#3163,#2487,#2488);
#2036=AXIS2_PLACEMENT_3D('',#3166,#2491,#2492);
#2037=AXIS2_PLACEMENT_3D('',#3169,#2495,#2496);
#2038=AXIS2_PLACEMENT_3D('',#3172,#2497,#2498);
#2039=AXIS2_PLACEMENT_3D('',#3174,#2499,#2500);
#2040=AXIS2_PLACEMENT_3D('',#3175,#2501,#2502);
#2041=AXIS2_PLACEMENT_3D('',#3176,#2503,#2504);
#2042=AXIS2_PLACEMENT_3D('',#3179,#2505,#2506);
#2043=AXIS2_PLACEMENT_3D('',#3195,#2509,#2510);
#2044=AXIS2_PLACEMENT_3D('',#3198,#2513,#2514);
#2045=AXIS2_PLACEMENT_3D('',#3201,#2517,#2518);
#2046=AXIS2_PLACEMENT_3D('',#3204,#2521,#2522);
#2047=AXIS2_PLACEMENT_3D('',#3206,#2524,#2525);
#2048=AXIS2_PLACEMENT_3D('',#3208,#2527,#2528);
#2049=AXIS2_PLACEMENT_3D('',#3209,#2529,#2530);
#2050=AXIS2_PLACEMENT_3D('',#3210,#2531,#2532);
#2051=AXIS2_PLACEMENT_3D('',#3230,#2533,#2534);
#2052=AXIS2_PLACEMENT_3D('',#3239,#2535,#2536);
#2053=AXIS2_PLACEMENT_3D('',#3242,#2538,#2539);
#2054=AXIS2_PLACEMENT_3D('',#3243,#2540,#2541);
#2055=AXIS2_PLACEMENT_3D('',#3246,#2542,#2543);
#2056=AXIS2_PLACEMENT_3D('',#3248,#2544,#2545);
#2057=AXIS2_PLACEMENT_3D('',#3249,#2546,#2547);
#2058=AXIS2_PLACEMENT_3D('',#3250,#2548,#2549);
#2059=AXIS2_PLACEMENT_3D('',#3253,#2552,#2553);
#2060=AXIS2_PLACEMENT_3D('',#3256,#2554,#2555);
#2061=AXIS2_PLACEMENT_3D('',#3258,#2556,#2557);
#2062=AXIS2_PLACEMENT_3D('',#3259,#2558,#2559);
#2063=AXIS2_PLACEMENT_3D('',#3260,#2560,#2561);
#2064=AXIS2_PLACEMENT_3D('',#3276,#2564,#2565);
#2065=AXIS2_PLACEMENT_3D('',#3279,#2566,#2567);
#2066=AXIS2_PLACEMENT_3D('',#3281,#2568,#2569);
#2067=AXIS2_PLACEMENT_3D('',#3282,#2570,#2571);
#2068=AXIS2_PLACEMENT_3D('',#3283,#2572,#2573);
#2069=AXIS2_PLACEMENT_3D('',#3285,#2574,#2575);
#2070=AXIS2_PLACEMENT_3D('',#3288,#2578,#2579);
#2071=AXIS2_PLACEMENT_3D('',#3291,#2582,#2583);
#2072=AXIS2_PLACEMENT_3D('',#3294,#2584,#2585);
#2073=AXIS2_PLACEMENT_3D('',#3296,#2586,#2587);
#2074=AXIS2_PLACEMENT_3D('',#3297,#2588,#2589);
#2075=AXIS2_PLACEMENT_3D('',#3298,#2590,#2591);
#2076=AXIS2_PLACEMENT_3D('',#3319,#2594,#2595);
#2077=AXIS2_PLACEMENT_3D('',#3322,#2598,#2599);
#2078=AXIS2_PLACEMENT_3D('',#3325,#2602,#2603);
#2079=AXIS2_PLACEMENT_3D('',#3328,#2606,#2607);
#2080=AXIS2_PLACEMENT_3D('',#3329,#2608,#2609);
#2081=AXIS2_PLACEMENT_3D('',#3350,#2615,#2616);
#2082=AXIS2_PLACEMENT_3D('',#3351,#2617,#2618);
#2083=AXIS2_PLACEMENT_3D('',#3352,#2619,#2620);
#2084=AXIS2_PLACEMENT_3D('',#3361,#2621,#2622);
#2085=AXIS2_PLACEMENT_3D('',#3362,#2623,#2624);
#2086=AXIS2_PLACEMENT_3D('',#3363,#2625,#2626);
#2087=AXIS2_PLACEMENT_3D('',#3365,#2627,#2628);
#2088=AXIS2_PLACEMENT_3D('',#3367,#2629,#2630);
#2089=AXIS2_PLACEMENT_3D('',#3369,#2632,#2633);
#2090=AXIS2_PLACEMENT_3D('',#3370,#2634,#2635);
#2091=AXIS2_PLACEMENT_3D('',#3372,#2637,#2638);
#2092=AXIS2_PLACEMENT_3D('',#3373,#2639,#2640);
#2093=AXIS2_PLACEMENT_3D('',#3374,#2641,#2642);
#2094=AXIS2_PLACEMENT_3D('',#3375,#2643,#2644);
#2095=AXIS2_PLACEMENT_3D('',#3383,#2649,#2650);
#2096=AXIS2_PLACEMENT_3D('',#3386,#2652,#2653);
#2097=AXIS2_PLACEMENT_3D('',#3387,#2654,#2655);
#2098=AXIS2_PLACEMENT_3D('',#3391,#2658,#2659);
#2099=AXIS2_PLACEMENT_3D('',#3393,#2660,#2661);
#2100=AXIS2_PLACEMENT_3D('',#3395,#2663,#2664);
#2101=AXIS2_PLACEMENT_3D('',#3397,#2665,#2666);
#2102=AXIS2_PLACEMENT_3D('',#3400,#2669,#2670);
#2103=AXIS2_PLACEMENT_3D('',#3401,#2671,#2672);
#2104=AXIS2_PLACEMENT_3D('',#3402,#2673,#2674);
#2105=AXIS2_PLACEMENT_3D('',#3405,#2676,#2677);
#2106=AXIS2_PLACEMENT_3D('',#3406,#2678,#2679);
#2107=AXIS2_PLACEMENT_3D('',#3409,#2682,#2683);
#2108=AXIS2_PLACEMENT_3D('',#3410,#2684,#2685);
#2109=AXIS2_PLACEMENT_3D('',#3411,#2686,#2687);
#2110=AXIS2_PLACEMENT_3D('',#3412,#2688,#2689);
#2111=AXIS2_PLACEMENT_3D('',#3413,#2690,#2691);
#2112=AXIS2_PLACEMENT_3D('',#3414,#2692,#2693);
#2113=AXIS2_PLACEMENT_3D('',#3415,#2694,#2695);
#2114=AXIS2_PLACEMENT_3D('',#3416,#2696,#2697);
#2115=AXIS2_PLACEMENT_3D('',#3417,#2698,#2699);
#2116=AXIS2_PLACEMENT_3D('',#3418,#2700,#2701);
#2117=AXIS2_PLACEMENT_3D('',#3419,#2702,#2703);
#2118=AXIS2_PLACEMENT_3D('',#3420,#2704,#2705);
#2119=AXIS2_PLACEMENT_3D('',#3421,#2706,#2707);
#2120=AXIS2_PLACEMENT_3D('',#3422,#2708,#2709);
#2121=AXIS2_PLACEMENT_3D('',#3424,#2711,#2712);
#2122=AXIS2_PLACEMENT_3D('',#3426,#2714,#2715);
#2123=AXIS2_PLACEMENT_3D('',#3432,#2719,#2720);
#2124=AXIS2_PLACEMENT_3D('',#3438,#2724,#2725);
#2125=AXIS2_PLACEMENT_3D('',#3441,#2728,#2729);
#2126=AXIS2_PLACEMENT_3D('',#3444,#2732,#2733);
#2127=AXIS2_PLACEMENT_3D('',#3445,#2734,#2735);
#2128=DIRECTION('axis',(0.,0.,1.));
#2129=DIRECTION('refdir',(1.,0.,0.));
#2130=DIRECTION('center_axis',(0.,0.,-1.));
#2131=DIRECTION('ref_axis',(-0.707106781186546,-0.707106781186549,0.));
#2132=DIRECTION('center_axis',(-3.0044507132441E-30,3.60822483003176E-15,
1.));
#2133=DIRECTION('ref_axis',(-1.,-8.3266726846887E-16,0.));
#2134=DIRECTION('',(0.,0.,1.));
#2135=DIRECTION('center_axis',(5.88784672006418E-16,-0.707106781186547,
0.707106781186548));
#2136=DIRECTION('ref_axis',(5.88784672006416E-16,-0.707106781186548,-0.707106781186547));
#2137=DIRECTION('',(0.,0.,-1.));
#2138=DIRECTION('center_axis',(0.,-1.,0.));
#2139=DIRECTION('ref_axis',(0.707106781186548,0.,-0.707106781186548));
#2140=DIRECTION('',(0.,-1.,0.));
#2141=DIRECTION('center_axis',(0.,1.,0.));
#2142=DIRECTION('ref_axis',(1.,0.,0.));
#2143=DIRECTION('',(0.,1.,0.));
#2144=DIRECTION('center_axis',(-0.707106781186548,-0.707106781186548,0.));
#2145=DIRECTION('ref_axis',(-0.707106781186548,0.707106781186548,0.));
#2146=DIRECTION('center_axis',(-8.88178419700125E-16,1.,0.));
#2147=DIRECTION('ref_axis',(-0.707106781186548,0.,-0.707106781186548));
#2148=DIRECTION('',(8.88178419700125E-16,-1.,0.));
#2149=DIRECTION('center_axis',(0.,1.,0.));
#2150=DIRECTION('ref_axis',(0.,0.,-1.));
#2151=DIRECTION('',(-8.88178419700125E-16,1.,0.));
#2152=DIRECTION('center_axis',(0.707106781186548,-0.707106781186548,0.));
#2153=DIRECTION('ref_axis',(-0.707106781186547,-0.707106781186547,0.));
#2154=DIRECTION('center_axis',(-1.,0.,0.));
#2155=DIRECTION('ref_axis',(0.,-0.707106781186548,-0.707106781186548));
#2156=DIRECTION('',(1.,0.,0.));
#2157=DIRECTION('',(-1.,0.,0.));
#2158=DIRECTION('center_axis',(0.40824829046386,-0.816496580927728,0.408248290463863));
#2159=DIRECTION('ref_axis',(-0.577350269189623,-0.577350269189624,-0.57735026918963));
#2160=DIRECTION('center_axis',(-1.,0.,0.));
#2161=DIRECTION('ref_axis',(0.,-0.707106781186546,-0.707106781186549));
#2162=DIRECTION('center_axis',(0.,0.,1.));
#2163=DIRECTION('ref_axis',(0.707106781186546,-0.707106781186549,0.));
#2164=DIRECTION('center_axis',(0.,3.60822483003176E-15,1.));
#2165=DIRECTION('ref_axis',(0.,-1.,3.60822483003176E-15));
#2166=DIRECTION('',(0.,0.,1.));
#2167=DIRECTION('center_axis',(0.,-0.707106781186547,0.707106781186548));
#2168=DIRECTION('ref_axis',(4.9065389333868E-17,-0.707106781186548,-0.707106781186547));
#2169=DIRECTION('',(0.,0.,-1.));
#2170=DIRECTION('center_axis',(-0.40824829046386,-0.816496580927727,0.408248290463864));
#2171=DIRECTION('ref_axis',(0.577350269189623,-0.577350269189625,-0.577350269189629));
#2172=DIRECTION('center_axis',(1.,0.,0.));
#2173=DIRECTION('ref_axis',(0.,-0.707106781186546,-0.707106781186549));
#2174=DIRECTION('center_axis',(1.,0.,0.));
#2175=DIRECTION('ref_axis',(0.,-0.707106781186546,-0.707106781186549));
#2176=DIRECTION('',(1.,0.,0.));
#2177=DIRECTION('center_axis',(-1.,0.,0.));
#2178=DIRECTION('ref_axis',(0.,0.,-1.));
#2179=DIRECTION('',(-1.,0.,0.));
#2180=DIRECTION('center_axis',(0.,0.,1.));
#2181=DIRECTION('ref_axis',(1.,0.,0.));
#2182=DIRECTION('',(1.,0.,0.));
#2183=DIRECTION('',(0.121869343405147,-0.992546151641322,0.));
#2184=DIRECTION('',(-1.,0.,0.));
#2185=DIRECTION('',(-0.121869343405147,0.992546151641322,0.));
#2186=DIRECTION('center_axis',(1.,0.,0.));
#2187=DIRECTION('ref_axis',(0.,-0.707106781186546,-0.707106781186549));
#2188=DIRECTION('',(-1.,0.,0.));
#2189=DIRECTION('center_axis',(-1.,0.,-1.11022302462516E-14));
#2190=DIRECTION('ref_axis',(0.,-1.,0.));
#2191=DIRECTION('center_axis',(0.,-1.,0.));
#2192=DIRECTION('ref_axis',(1.,0.,0.));
#2193=DIRECTION('',(-1.,0.,0.));
#2194=DIRECTION('center_axis',(0.,1.,0.));
#2195=DIRECTION('ref_axis',(-0.707106781186547,0.,-0.707106781186548));
#2196=DIRECTION('',(0.,0.,1.));
#2197=DIRECTION('center_axis',(0.,1.,0.));
#2198=DIRECTION('ref_axis',(-0.707106781186546,0.,0.707106781186549));
#2199=DIRECTION('center_axis',(0.,-1.,0.));
#2200=DIRECTION('ref_axis',(0.,0.,1.));
#2201=DIRECTION('center_axis',(0.,1.,0.));
#2202=DIRECTION('ref_axis',(-0.707106781186554,0.,-0.707106781186541));
#2203=DIRECTION('',(0.,0.,1.));
#2204=DIRECTION('center_axis',(0.,1.,0.));
#2205=DIRECTION('ref_axis',(-0.707106781186541,0.,0.707106781186554));
#2206=DIRECTION('',(1.,0.,0.));
#2207=DIRECTION('',(0.,0.,-1.));
#2208=DIRECTION('',(1.,0.,0.));
#2209=DIRECTION('',(0.,0.,1.));
#2210=DIRECTION('center_axis',(-0.372608899923019,-0.848664890372397,-0.375407127725839));
#2211=DIRECTION('ref_axis',(-0.597847634388358,0.528930906498377,-0.602337365773575));
#2212=DIRECTION('center_axis',(0.,0.,-1.));
#2213=DIRECTION('ref_axis',(0.,1.,0.));
#2214=DIRECTION('center_axis',(-1.,-1.77635683940023E-14,0.));
#2215=DIRECTION('ref_axis',(0.,0.,-1.));
#2216=DIRECTION('center_axis',(-0.121869343405157,0.992546151641321,-3.58035315019466E-14));
#2217=DIRECTION('ref_axis',(-0.992546151641321,-0.121869343405157,0.));
#2218=DIRECTION('center_axis',(1.,0.,0.));
#2219=DIRECTION('ref_axis',(0.,0.707106781186553,-0.707106781186543));
#2220=DIRECTION('center_axis',(-1.,0.,0.));
#2221=DIRECTION('ref_axis',(0.,1.,0.));
#2222=DIRECTION('',(1.,0.,0.));
#2223=DIRECTION('center_axis',(-0.83444141222208,0.411387678918414,0.366698387237985));
#2224=DIRECTION('ref_axis',(-0.551096660821693,-0.622901462069489,-0.555235300555425));
#2225=DIRECTION('center_axis',(0.121869343405122,-0.992546151641325,0.));
#2226=DIRECTION('ref_axis',(0.,0.,-1.));
#2227=DIRECTION('center_axis',(0.,0.,-1.));
#2228=DIRECTION('ref_axis',(-0.992546151641322,-0.121869343405147,0.));
#2229=DIRECTION('center_axis',(0.,0.,1.));
#2230=DIRECTION('ref_axis',(-0.662620048215739,-0.748955720789001,0.));
#2231=DIRECTION('center_axis',(0.,0.,-1.));
#2232=DIRECTION('ref_axis',(0.,-1.,0.));
#2233=DIRECTION('',(0.,0.,-1.));
#2234=DIRECTION('center_axis',(-0.121869343405147,0.992546151641322,0.));
#2235=DIRECTION('ref_axis',(-0.701836114466195,-0.0861746391405144,-0.707106781186545));
#2236=DIRECTION('',(-0.121869343405147,0.992546151641322,0.));
#2237=DIRECTION('center_axis',(-0.372608899922981,-0.848664890372421,0.375407127725823));
#2238=DIRECTION('ref_axis',(-0.597847634388354,0.528930906498345,0.602337365773607));
#2239=DIRECTION('center_axis',(-1.,0.,1.77635683940026E-14));
#2240=DIRECTION('ref_axis',(0.,1.,0.));
#2241=DIRECTION('center_axis',(0.,0.,1.));
#2242=DIRECTION('ref_axis',(-0.992546151641321,-0.121869343405159,0.));
#2243=DIRECTION('center_axis',(-0.121869343405122,0.992546151641325,0.));
#2244=DIRECTION('ref_axis',(0.,0.,1.));
#2245=DIRECTION('center_axis',(0.,0.,1.));
#2246=DIRECTION('ref_axis',(-0.748955720789015,0.662620048215724,0.));
#2247=DIRECTION('',(0.,0.,-1.));
#2248=DIRECTION('',(0.,0.,1.));
#2249=DIRECTION('center_axis',(0.121869343405147,-0.992546151641322,0.));
#2250=DIRECTION('ref_axis',(-0.701836114466202,-0.0861746391405153,0.707106781186538));
#2251=DIRECTION('center_axis',(-0.121869343405157,0.992546151641321,-5.28934843466539E-14));
#2252=DIRECTION('ref_axis',(-0.992546151641321,-0.121869343405157,0.));
#2253=DIRECTION('',(-0.121869343405147,0.992546151641322,0.));
#2254=DIRECTION('',(0.121869343405147,-0.992546151641322,0.));
#2255=DIRECTION('center_axis',(-1.,0.,0.));
#2256=DIRECTION('ref_axis',(0.,0.70710678118656,0.707106781186535));
#2257=DIRECTION('center_axis',(-1.,0.,0.));
#2258=DIRECTION('ref_axis',(0.,0.,1.));
#2259=DIRECTION('',(-1.,0.,0.));
#2260=DIRECTION('',(1.,0.,0.));
#2261=DIRECTION('center_axis',(-0.834441412222086,0.411387678918413,-0.366698387237974));
#2262=DIRECTION('ref_axis',(-0.551096660821682,-0.622901462069501,0.555235300555422));
#2263=DIRECTION('center_axis',(-1.,0.,0.));
#2264=DIRECTION('ref_axis',(0.,-0.707106781186551,0.707106781186544));
#2265=DIRECTION('center_axis',(0.,0.,1.));
#2266=DIRECTION('ref_axis',(0.662620048215714,0.748955720789023,0.));
#2267=DIRECTION('center_axis',(0.,0.,1.));
#2268=DIRECTION('ref_axis',(0.992546151641321,0.12186934340516,0.));
#2269=DIRECTION('',(0.,0.,1.));
#2270=DIRECTION('center_axis',(0.,0.,-1.));
#2271=DIRECTION('ref_axis',(0.,1.,0.));
#2272=DIRECTION('',(0.,0.,-1.));
#2273=DIRECTION('center_axis',(-0.834441412222057,0.411387678918428,-0.366698387238024));
#2274=DIRECTION('ref_axis',(0.551096660821726,0.622901462069448,-0.555235300555439));
#2275=DIRECTION('center_axis',(-0.121869343405147,0.992546151641322,0.));
#2276=DIRECTION('ref_axis',(0.701836114466183,0.086174639140531,-0.707106781186554));
#2277=DIRECTION('center_axis',(-0.834441412222056,0.411387678918427,0.366698387238028));
#2278=DIRECTION('ref_axis',(0.551096660821726,0.622901462069449,0.555235300555437));
#2279=DIRECTION('center_axis',(-0.121869343405147,0.992546151641322,0.));
#2280=DIRECTION('ref_axis',(0.701836114466194,0.0861746391405302,0.707106781186544));
#2281=DIRECTION('center_axis',(-1.,0.,0.));
#2282=DIRECTION('ref_axis',(0.,1.,0.));
#2283=DIRECTION('',(0.,0.,-1.));
#2284=DIRECTION('',(0.,0.,-1.));
#2285=DIRECTION('',(0.,1.,0.));
#2286=DIRECTION('',(0.,1.,0.));
#2287=DIRECTION('',(0.,0.,1.));
#2288=DIRECTION('',(0.,-1.,0.));
#2289=DIRECTION('center_axis',(0.121869343405147,-0.992546151641322,0.));
#2290=DIRECTION('ref_axis',(0.701836114466187,0.0861746391405401,-0.70710678118655));
#2291=DIRECTION('',(0.121869343405147,-0.992546151641322,0.));
#2292=DIRECTION('center_axis',(-0.121869343405159,0.992546151641321,0.));
#2293=DIRECTION('ref_axis',(0.992546151641321,0.121869343405159,0.));
#2294=DIRECTION('center_axis',(0.992546151641322,0.121869343405147,0.));
#2295=DIRECTION('ref_axis',(-0.121869343405147,0.992546151641322,0.));
#2296=DIRECTION('',(-0.121869343405147,0.992546151641322,0.));
#2297=DIRECTION('',(0.,0.,1.));
#2298=DIRECTION('center_axis',(0.,1.,0.));
#2299=DIRECTION('ref_axis',(-1.,0.,0.));
#2300=DIRECTION('',(0.,0.,1.));
#2301=DIRECTION('',(-1.,0.,0.));
#2302=DIRECTION('',(0.,0.,-1.));
#2303=DIRECTION('',(1.,0.,0.));
#2304=DIRECTION('center_axis',(-0.992546151641322,-0.121869343405147,0.));
#2305=DIRECTION('ref_axis',(0.121869343405147,-0.992546151641322,0.));
#2306=DIRECTION('center_axis',(-0.408248290463861,-0.816496580927726,0.408248290463865));
#2307=DIRECTION('ref_axis',(0.577350269189625,-0.577350269189625,-0.577350269189628));
#2308=DIRECTION('center_axis',(1.,0.,0.));
#2309=DIRECTION('ref_axis',(0.,0.,-1.));
#2310=DIRECTION('center_axis',(0.,-1.,0.));
#2311=DIRECTION('ref_axis',(1.,0.,0.));
#2312=DIRECTION('center_axis',(1.11022302462516E-15,0.,-1.));
#2313=DIRECTION('ref_axis',(0.,-1.,0.));
#2314=DIRECTION('center_axis',(0.,-1.,0.));
#2315=DIRECTION('ref_axis',(0.707106781186546,0.,-0.707106781186549));
#2316=DIRECTION('center_axis',(0.,1.,0.));
#2317=DIRECTION('ref_axis',(0.707106781186546,0.,-0.707106781186549));
#2318=DIRECTION('',(0.,-1.,0.));
#2319=DIRECTION('',(0.,1.,0.));
#2320=DIRECTION('center_axis',(-0.816496580927729,0.408248290463861,0.408248290463859));
#2321=DIRECTION('ref_axis',(-0.577350269189624,-0.577350269189628,-0.577350269189626));
#2322=DIRECTION('center_axis',(0.,0.,-1.));
#2323=DIRECTION('ref_axis',(-1.,0.,0.));
#2324=DIRECTION('center_axis',(0.,-1.,0.));
#2325=DIRECTION('ref_axis',(0.,0.,-1.));
#2326=DIRECTION('center_axis',(-1.,0.,0.));
#2327=DIRECTION('ref_axis',(0.,-1.,0.));
#2328=DIRECTION('center_axis',(8.88178419700125E-16,-1.,0.));
#2329=DIRECTION('ref_axis',(-0.707106781186548,-7.8504622934189E-16,-0.707106781186548));
#2330=DIRECTION('',(8.88178419700125E-16,-1.,0.));
#2331=DIRECTION('',(-8.88178419700125E-16,1.,0.));
#2332=DIRECTION('center_axis',(1.,0.,0.));
#2333=DIRECTION('ref_axis',(0.,-0.70710678118655,-0.707106781186545));
#2334=DIRECTION('',(-1.,0.,0.));
#2335=DIRECTION('',(1.,0.,0.));
#2336=DIRECTION('center_axis',(-0.40824829046386,-0.816496580927727,-0.408248290463865));
#2337=DIRECTION('ref_axis',(0.577350269189623,-0.577350269189626,0.577350269189628));
#2338=DIRECTION('center_axis',(0.,0.,1.));
#2339=DIRECTION('ref_axis',(1.,0.,0.));
#2340=DIRECTION('center_axis',(0.,-1.,0.));
#2341=DIRECTION('ref_axis',(0.,0.,1.));
#2342=DIRECTION('center_axis',(1.,0.,0.));
#2343=DIRECTION('ref_axis',(0.,-1.,0.));
#2344=DIRECTION('center_axis',(0.,-1.,0.));
#2345=DIRECTION('ref_axis',(0.707106781186546,0.,0.707106781186549));
#2346=DIRECTION('',(0.,-1.,0.));
#2347=DIRECTION('',(0.,1.,0.));
#2348=DIRECTION('center_axis',(0.,1.,0.));
#2349=DIRECTION('ref_axis',(0.707106781186546,0.,0.707106781186549));
#2350=DIRECTION('center_axis',(-0.816496580927722,0.408248290463872,-0.408248290463861));
#2351=DIRECTION('ref_axis',(-0.577350269189631,-0.577350269189631,0.577350269189616));
#2352=DIRECTION('center_axis',(-1.,8.88178419700124E-15,0.));
#2353=DIRECTION('ref_axis',(0.,0.,1.));
#2354=DIRECTION('center_axis',(0.,-1.,-4.44089209850064E-15));
#2355=DIRECTION('ref_axis',(-1.,0.,0.));
#2356=DIRECTION('center_axis',(0.,0.,1.));
#2357=DIRECTION('ref_axis',(0.,-1.,0.));
#2358=DIRECTION('center_axis',(8.88178419700125E-16,-1.,0.));
#2359=DIRECTION('ref_axis',(-0.707106781186548,-7.8504622934189E-16,0.707106781186548));
#2360=DIRECTION('',(8.88178419700125E-16,-1.,0.));
#2361=DIRECTION('',(-8.88178419700125E-16,1.,0.));
#2362=DIRECTION('center_axis',(0.,0.,-1.));
#2363=DIRECTION('ref_axis',(-0.707106781186544,-0.707106781186551,0.));
#2364=DIRECTION('',(0.,0.,1.));
#2365=DIRECTION('',(0.,0.,-1.));
#2366=DIRECTION('center_axis',(-1.,0.,0.));
#2367=DIRECTION('ref_axis',(0.,-0.707106781186549,0.707106781186546));
#2368=DIRECTION('',(1.,0.,0.));
#2369=DIRECTION('',(-1.,0.,0.));
#2370=DIRECTION('center_axis',(0.,0.,1.));
#2371=DIRECTION('ref_axis',(0.707106781186544,-0.707106781186551,0.));
#2372=DIRECTION('',(0.,0.,-1.));
#2373=DIRECTION('',(0.,0.,1.));
#2374=DIRECTION('center_axis',(0.,0.,-1.));
#2375=DIRECTION('ref_axis',(1.,0.,0.));
#2376=DIRECTION('',(-1.,0.,0.));
#2377=DIRECTION('center_axis',(1.,8.88178419700125E-16,0.));
#2378=DIRECTION('ref_axis',(8.88178419700125E-16,-1.,0.));
#2379=DIRECTION('',(0.,-1.,0.));
#2380=DIRECTION('',(0.,0.,1.));
#2381=DIRECTION('',(0.,0.,-1.));
#2382=DIRECTION('center_axis',(0.,-1.,0.));
#2383=DIRECTION('ref_axis',(0.,0.,-1.));
#2384=DIRECTION('center_axis',(-0.816496580927727,0.408248290463863,0.408248290463862));
#2385=DIRECTION('ref_axis',(-0.577350269189623,-0.577350269189627,-0.577350269189627));
#2386=DIRECTION('center_axis',(0.,0.,-1.));
#2387=DIRECTION('ref_axis',(-1.,0.,0.));
#2388=DIRECTION('center_axis',(0.,-1.,0.));
#2389=DIRECTION('ref_axis',(0.,0.,-1.));
#2390=DIRECTION('center_axis',(-1.,0.,0.));
#2391=DIRECTION('ref_axis',(0.,-1.,0.));
#2392=DIRECTION('center_axis',(0.,-1.,0.));
#2393=DIRECTION('ref_axis',(-0.707106781186547,0.,-0.707106781186548));
#2394=DIRECTION('',(0.,-1.,0.));
#2395=DIRECTION('',(0.,1.,0.));
#2396=DIRECTION('center_axis',(-0.816496580927727,-0.408248290463864,-0.40824829046386));
#2397=DIRECTION('ref_axis',(0.577350269189625,-0.577350269189629,-0.577350269189624));
#2398=DIRECTION('center_axis',(1.,0.,0.));
#2399=DIRECTION('ref_axis',(0.,0.,-1.));
#2400=DIRECTION('center_axis',(0.,-1.,0.));
#2401=DIRECTION('ref_axis',(1.,0.,0.));
#2402=DIRECTION('center_axis',(0.,0.,-1.));
#2403=DIRECTION('ref_axis',(0.,-1.,0.));
#2404=DIRECTION('center_axis',(0.,-1.,0.));
#2405=DIRECTION('ref_axis',(0.707106781186548,0.,-0.707106781186548));
#2406=DIRECTION('',(0.,1.,0.));
#2407=DIRECTION('center_axis',(0.408248290463861,-0.816496580927726,-0.408248290463865));
#2408=DIRECTION('ref_axis',(-0.577350269189624,-0.577350269189628,0.577350269189626));
#2409=DIRECTION('center_axis',(-1.,0.,0.));
#2410=DIRECTION('ref_axis',(0.,0.,1.));
#2411=DIRECTION('center_axis',(0.,-1.,0.));
#2412=DIRECTION('ref_axis',(-1.,0.,0.));
#2413=DIRECTION('center_axis',(0.,0.,1.));
#2414=DIRECTION('ref_axis',(0.,-1.,0.));
#2415=DIRECTION('center_axis',(0.,-1.,0.));
#2416=DIRECTION('ref_axis',(-0.707106781186546,0.,0.707106781186549));
#2417=DIRECTION('',(0.,-1.,0.));
#2418=DIRECTION('',(0.,1.,0.));
#2419=DIRECTION('center_axis',(0.,0.,-1.));
#2420=DIRECTION('ref_axis',(-0.707106781186544,-0.707106781186551,0.));
#2421=DIRECTION('',(0.,0.,1.));
#2422=DIRECTION('',(0.,0.,-1.));
#2423=DIRECTION('center_axis',(-0.816496580927727,-0.408248290463864,0.40824829046386));
#2424=DIRECTION('ref_axis',(0.577350269189625,-0.577350269189628,0.577350269189625));
#2425=DIRECTION('center_axis',(0.,0.,1.));
#2426=DIRECTION('ref_axis',(1.,0.,0.));
#2427=DIRECTION('center_axis',(0.,-1.,0.));
#2428=DIRECTION('ref_axis',(0.,0.,1.));
#2429=DIRECTION('center_axis',(1.,0.,0.));
#2430=DIRECTION('ref_axis',(0.,-1.,0.));
#2431=DIRECTION('center_axis',(0.,1.,0.));
#2432=DIRECTION('ref_axis',(0.707106781186548,0.,0.707106781186548));
#2433=DIRECTION('',(0.,-1.,0.));
#2434=DIRECTION('center_axis',(-1.,0.,0.));
#2435=DIRECTION('ref_axis',(0.,-0.707106781186549,0.707106781186546));
#2436=DIRECTION('',(1.,0.,0.));
#2437=DIRECTION('',(-1.,0.,0.));
#2438=DIRECTION('center_axis',(0.,0.,1.));
#2439=DIRECTION('ref_axis',(0.707106781186544,-0.707106781186551,0.));
#2440=DIRECTION('',(0.,0.,-1.));
#2441=DIRECTION('center_axis',(1.,0.,0.));
#2442=DIRECTION('ref_axis',(0.,-0.70710678118655,-0.707106781186545));
#2443=DIRECTION('',(-1.,0.,0.));
#2444=DIRECTION('',(1.,0.,0.));
#2445=DIRECTION('center_axis',(-1.,0.,0.));
#2446=DIRECTION('ref_axis',(0.,0.,-1.));
#2447=DIRECTION('center_axis',(0.,0.,1.));
#2448=DIRECTION('ref_axis',(-1.,0.,0.));
#2449=DIRECTION('center_axis',(0.,-1.,0.));
#2450=DIRECTION('ref_axis',(0.,0.,-1.));
#2451=DIRECTION('center_axis',(-0.816496580927719,0.408248290463881,-0.408248290463859));
#2452=DIRECTION('ref_axis',(-0.577350269189637,-0.577350269189633,0.577350269189608));
#2453=DIRECTION('center_axis',(-1.,8.88178419700124E-15,0.));
#2454=DIRECTION('ref_axis',(0.,0.,1.));
#2455=DIRECTION('center_axis',(0.,-1.,-4.44089209850072E-15));
#2456=DIRECTION('ref_axis',(-1.,0.,0.));
#2457=DIRECTION('center_axis',(1.77635683940026E-14,0.,1.));
#2458=DIRECTION('ref_axis',(0.,-1.,0.));
#2459=DIRECTION('center_axis',(8.88178419700125E-16,-1.,0.));
#2460=DIRECTION('ref_axis',(-0.707106781186554,-7.85046229341897E-16,0.707106781186541));
#2461=DIRECTION('center_axis',(-3.92523114670944E-16,0.707106781186546,
0.707106781186549));
#2462=DIRECTION('ref_axis',(9.3224239734349E-16,-0.707106781186549,0.707106781186546));
#2463=DIRECTION('',(8.88178419700125E-16,-1.,0.));
#2464=DIRECTION('',(-8.88178419700125E-16,1.,0.));
#2465=DIRECTION('center_axis',(0.408248290463854,0.408248290463851,-0.816496580927737));
#2466=DIRECTION('ref_axis',(-0.577350269189637,-0.577350269189633,-0.577350269189608));
#2467=DIRECTION('center_axis',(0.,-1.77635683940025E-14,-1.));
#2468=DIRECTION('ref_axis',(-1.,0.,0.));
#2469=DIRECTION('center_axis',(0.,-1.,0.));
#2470=DIRECTION('ref_axis',(0.,0.,-1.));
#2471=DIRECTION('center_axis',(-1.,0.,-8.88178419700128E-15));
#2472=DIRECTION('ref_axis',(0.,-1.,0.));
#2473=DIRECTION('center_axis',(-8.88178419700125E-16,1.,0.));
#2474=DIRECTION('ref_axis',(-0.707106781186554,-7.85046229341897E-16,-0.707106781186541));
#2475=DIRECTION('',(8.88178419700125E-16,-1.,0.));
#2476=DIRECTION('',(-8.88178419700125E-16,1.,0.));
#2477=DIRECTION('center_axis',(-0.816496580927727,-0.408248290463864,0.40824829046386));
#2478=DIRECTION('ref_axis',(0.577350269189625,-0.577350269189628,0.577350269189625));
#2479=DIRECTION('center_axis',(0.,0.,1.));
#2480=DIRECTION('ref_axis',(1.,0.,0.));
#2481=DIRECTION('center_axis',(0.,-1.,0.));
#2482=DIRECTION('ref_axis',(0.,0.,1.));
#2483=DIRECTION('center_axis',(1.,0.,0.));
#2484=DIRECTION('ref_axis',(0.,-1.,0.));
#2485=DIRECTION('center_axis',(0.,-1.,0.));
#2486=DIRECTION('ref_axis',(0.707106781186554,0.,0.707106781186541));
#2487=DIRECTION('center_axis',(0.,1.,0.));
#2488=DIRECTION('ref_axis',(0.707106781186554,0.,0.707106781186541));
#2489=DIRECTION('',(0.,-1.,0.));
#2490=DIRECTION('',(0.,1.,0.));
#2491=DIRECTION('center_axis',(-1.,0.,0.));
#2492=DIRECTION('ref_axis',(0.,-0.707106781186557,0.707106781186538));
#2493=DIRECTION('',(1.,0.,0.));
#2494=DIRECTION('',(-1.,0.,0.));
#2495=DIRECTION('center_axis',(-0.408248290463855,-0.816496580927731,0.408248290463862));
#2496=DIRECTION('ref_axis',(0.577350269189618,-0.577350269189621,-0.577350269189639));
#2497=DIRECTION('center_axis',(1.,0.,0.));
#2498=DIRECTION('ref_axis',(0.,0.,-1.));
#2499=DIRECTION('center_axis',(0.,-1.,0.));
#2500=DIRECTION('ref_axis',(1.,0.,0.));
#2501=DIRECTION('center_axis',(1.77635683940026E-14,0.,-1.));
#2502=DIRECTION('ref_axis',(0.,-1.,0.));
#2503=DIRECTION('center_axis',(0.,-1.,0.));
#2504=DIRECTION('ref_axis',(0.707106781186541,0.,-0.707106781186554));
#2505=DIRECTION('center_axis',(0.,1.,0.));
#2506=DIRECTION('ref_axis',(0.707106781186541,0.,-0.707106781186554));
#2507=DIRECTION('',(0.,-1.,0.));
#2508=DIRECTION('',(0.,1.,0.));
#2509=DIRECTION('center_axis',(0.,0.,1.));
#2510=DIRECTION('ref_axis',(0.707106781186544,-0.707106781186551,0.));
#2511=DIRECTION('',(0.,0.,-1.));
#2512=DIRECTION('',(0.,0.,1.));
#2513=DIRECTION('center_axis',(1.,0.,0.));
#2514=DIRECTION('ref_axis',(0.,-0.707106781186557,-0.707106781186538));
#2515=DIRECTION('',(-1.,0.,0.));
#2516=DIRECTION('',(1.,0.,0.));
#2517=DIRECTION('center_axis',(0.,0.,-1.));
#2518=DIRECTION('ref_axis',(-0.707106781186544,-0.707106781186551,0.));
#2519=DIRECTION('',(0.,0.,1.));
#2520=DIRECTION('',(0.,0.,-1.));
#2521=DIRECTION('center_axis',(0.,0.,1.));
#2522=DIRECTION('ref_axis',(-1.,0.,0.));
#2523=DIRECTION('',(1.,0.,0.));
#2524=DIRECTION('center_axis',(1.,0.,0.));
#2525=DIRECTION('ref_axis',(0.,0.,1.));
#2526=DIRECTION('',(0.,0.,-1.));
#2527=DIRECTION('center_axis',(0.,-1.,0.));
#2528=DIRECTION('ref_axis',(0.,0.,-1.));
#2529=DIRECTION('center_axis',(0.,1.,0.));
#2530=DIRECTION('ref_axis',(0.,0.,1.));
#2531=DIRECTION('center_axis',(0.,-1.,0.));
#2532=DIRECTION('ref_axis',(0.,0.,1.));
#2533=DIRECTION('center_axis',(0.,1.,0.));
#2534=DIRECTION('ref_axis',(1.,0.,0.));
#2535=DIRECTION('center_axis',(0.,1.,0.));
#2536=DIRECTION('ref_axis',(1.,0.,0.));
#2537=DIRECTION('',(0.,1.,0.));
#2538=DIRECTION('center_axis',(0.,-1.,0.));
#2539=DIRECTION('ref_axis',(1.,0.,0.));
#2540=DIRECTION('center_axis',(0.408248290463855,-0.816496580927731,-0.408248290463862));
#2541=DIRECTION('ref_axis',(-0.577350269189618,-0.577350269189621,0.577350269189639));
#2542=DIRECTION('center_axis',(-1.,0.,0.));
#2543=DIRECTION('ref_axis',(0.,0.,1.));
#2544=DIRECTION('center_axis',(0.,-1.,0.));
#2545=DIRECTION('ref_axis',(-1.,0.,0.));
#2546=DIRECTION('center_axis',(-1.77635683940026E-14,0.,1.));
#2547=DIRECTION('ref_axis',(0.,-1.,0.));
#2548=DIRECTION('center_axis',(0.,-1.,0.));
#2549=DIRECTION('ref_axis',(-0.707106781186541,0.,0.707106781186554));
#2550=DIRECTION('',(0.,-1.,0.));
#2551=DIRECTION('',(0.,1.,0.));
#2552=DIRECTION('center_axis',(-0.816496580927727,0.408248290463864,0.40824829046386));
#2553=DIRECTION('ref_axis',(-0.577350269189625,-0.577350269189628,-0.577350269189625));
#2554=DIRECTION('center_axis',(0.,0.,-1.));
#2555=DIRECTION('ref_axis',(-1.,0.,0.));
#2556=DIRECTION('center_axis',(0.,-1.,0.));
#2557=DIRECTION('ref_axis',(0.,0.,-1.));
#2558=DIRECTION('center_axis',(-1.,0.,0.));
#2559=DIRECTION('ref_axis',(0.,-1.,0.));
#2560=DIRECTION('center_axis',(0.,-1.,0.));
#2561=DIRECTION('ref_axis',(-0.707106781186554,0.,-0.707106781186541));
#2562=DIRECTION('',(0.,-1.,0.));
#2563=DIRECTION('',(0.,1.,0.));
#2564=DIRECTION('center_axis',(-0.816496580927727,-0.408248290463864,0.40824829046386));
#2565=DIRECTION('ref_axis',(0.577350269189625,-0.577350269189628,0.577350269189625));
#2566=DIRECTION('center_axis',(0.,0.,1.));
#2567=DIRECTION('ref_axis',(1.,0.,0.));
#2568=DIRECTION('center_axis',(0.,-1.,0.));
#2569=DIRECTION('ref_axis',(0.,0.,1.));
#2570=DIRECTION('center_axis',(1.,0.,0.));
#2571=DIRECTION('ref_axis',(0.,-1.,0.));
#2572=DIRECTION('center_axis',(0.,-1.,0.));
#2573=DIRECTION('ref_axis',(0.707106781186554,0.,0.707106781186541));
#2574=DIRECTION('center_axis',(0.,0.707106781186546,0.707106781186549));
#2575=DIRECTION('ref_axis',(-4.90653893338679E-17,-0.707106781186549,0.707106781186546));
#2576=DIRECTION('',(0.,-1.,0.));
#2577=DIRECTION('',(0.,1.,0.));
#2578=DIRECTION('center_axis',(-1.,0.,0.));
#2579=DIRECTION('ref_axis',(0.,-0.707106781186557,0.707106781186538));
#2580=DIRECTION('',(1.,0.,0.));
#2581=DIRECTION('',(-1.,0.,0.));
#2582=DIRECTION('center_axis',(-0.816496580927721,-0.408248290463875,-0.408248290463861));
#2583=DIRECTION('ref_axis',(0.577350269189632,-0.577350269189635,-0.57735026918961));
#2584=DIRECTION('center_axis',(1.,0.,0.));
#2585=DIRECTION('ref_axis',(0.,0.,-1.));
#2586=DIRECTION('center_axis',(0.,-1.,0.));
#2587=DIRECTION('ref_axis',(1.,0.,0.));
#2588=DIRECTION('center_axis',(-1.77635683940026E-14,0.,-1.));
#2589=DIRECTION('ref_axis',(0.,-1.,0.));
#2590=DIRECTION('center_axis',(0.,-1.,0.));
#2591=DIRECTION('ref_axis',(0.707106781186554,0.,-0.707106781186541));
#2592=DIRECTION('',(0.,-1.,0.));
#2593=DIRECTION('',(0.,1.,0.));
#2594=DIRECTION('center_axis',(0.,0.,1.));
#2595=DIRECTION('ref_axis',(0.707106781186544,-0.707106781186551,0.));
#2596=DIRECTION('',(0.,0.,-1.));
#2597=DIRECTION('',(0.,0.,1.));
#2598=DIRECTION('center_axis',(1.,0.,0.));
#2599=DIRECTION('ref_axis',(0.,-0.707106781186557,-0.707106781186538));
#2600=DIRECTION('',(-1.,0.,0.));
#2601=DIRECTION('',(1.,0.,0.));
#2602=DIRECTION('center_axis',(0.,0.,-1.));
#2603=DIRECTION('ref_axis',(-0.707106781186544,-0.707106781186551,0.));
#2604=DIRECTION('',(0.,0.,1.));
#2605=DIRECTION('',(0.,0.,-1.));
#2606=DIRECTION('center_axis',(0.,0.,1.));
#2607=DIRECTION('ref_axis',(-1.,0.,0.));
#2608=DIRECTION('center_axis',(-1.,0.,0.));
#2609=DIRECTION('ref_axis',(0.,1.,0.));
#2610=DIRECTION('',(0.,0.,1.));
#2611=DIRECTION('',(0.,-1.,0.));
#2612=DIRECTION('',(0.,0.,-1.));
#2613=DIRECTION('',(0.,0.,-1.));
#2614=DIRECTION('',(0.,1.,0.));
#2615=DIRECTION('center_axis',(0.,-1.,0.));
#2616=DIRECTION('ref_axis',(0.,0.,-1.));
#2617=DIRECTION('center_axis',(0.,1.,0.));
#2618=DIRECTION('ref_axis',(0.,0.,1.));
#2619=DIRECTION('center_axis',(0.,1.,0.));
#2620=DIRECTION('ref_axis',(-1.,0.,2.3373116307898E-16));
#2621=DIRECTION('center_axis',(0.,1.,0.));
#2622=DIRECTION('ref_axis',(-1.,0.,-1.22464679914735E-16));
#2623=DIRECTION('center_axis',(0.,-1.,0.));
#2624=DIRECTION('ref_axis',(1.,0.,0.));
#2625=DIRECTION('center_axis',(0.,1.,0.));
#2626=DIRECTION('ref_axis',(0.707106781186541,0.,0.707106781186554));
#2627=DIRECTION('center_axis',(-3.60822483003177E-15,1.,0.));
#2628=DIRECTION('ref_axis',(0.,0.,1.));
#2629=DIRECTION('center_axis',(0.707106781186549,0.707106781186546,0.));
#2630=DIRECTION('ref_axis',(0.707106781186546,-0.707106781186549,-4.90653893338679E-17));
#2631=DIRECTION('',(0.,-1.,0.));
#2632=DIRECTION('center_axis',(1.,0.,0.));
#2633=DIRECTION('ref_axis',(0.,-0.707106781186554,0.707106781186541));
#2634=DIRECTION('center_axis',(-1.,0.,0.));
#2635=DIRECTION('ref_axis',(0.,-1.,0.));
#2636=DIRECTION('',(-1.,0.,0.));
#2637=DIRECTION('center_axis',(-0.816496580927725,-0.408248290463869,0.408248290463859));
#2638=DIRECTION('ref_axis',(0.577350269189627,-0.57735026918963,0.57735026918962));
#2639=DIRECTION('center_axis',(0.,0.,1.));
#2640=DIRECTION('ref_axis',(0.707106781186546,-0.707106781186549,0.));
#2641=DIRECTION('center_axis',(0.,0.,1.));
#2642=DIRECTION('ref_axis',(0.707106781186546,-0.707106781186549,0.));
#2643=DIRECTION('center_axis',(0.,0.,1.));
#2644=DIRECTION('ref_axis',(1.,0.,0.));
#2645=DIRECTION('',(-1.,0.,0.));
#2646=DIRECTION('',(-8.88178419700125E-16,1.,0.));
#2647=DIRECTION('',(-1.,0.,0.));
#2648=DIRECTION('',(0.121869343405147,-0.992546151641322,0.));
#2649=DIRECTION('center_axis',(1.,0.,0.));
#2650=DIRECTION('ref_axis',(0.,-0.707106781186541,0.707106781186554));
#2651=DIRECTION('',(1.,0.,0.));
#2652=DIRECTION('center_axis',(0.707106781186554,-0.707106781186541,0.));
#2653=DIRECTION('ref_axis',(-0.707106781186541,-0.707106781186554,9.81307786677368E-17));
#2654=DIRECTION('center_axis',(0.,1.,0.));
#2655=DIRECTION('ref_axis',(1.,0.,0.));
#2656=DIRECTION('',(-1.,0.,0.));
#2657=DIRECTION('',(0.,0.,-1.));
#2658=DIRECTION('center_axis',(8.88178419700125E-16,-1.,0.));
#2659=DIRECTION('ref_axis',(-0.707106781186541,0.,0.707106781186554));
#2660=DIRECTION('center_axis',(0.,1.,0.));
#2661=DIRECTION('ref_axis',(-1.,0.,0.));
#2662=DIRECTION('',(8.88178419700125E-16,-1.,0.));
#2663=DIRECTION('center_axis',(0.,0.,-1.));
#2664=DIRECTION('ref_axis',(-0.707106781186546,-0.707106781186549,0.));
#2665=DIRECTION('center_axis',(0.,0.,-1.));
#2666=DIRECTION('ref_axis',(0.,-1.,0.));
#2667=DIRECTION('',(0.,0.,-1.));
#2668=DIRECTION('',(0.,0.,1.));
#2669=DIRECTION('center_axis',(-0.816496580927725,0.408248290463868,-0.408248290463859));
#2670=DIRECTION('ref_axis',(-0.577350269189628,-0.577350269189628,0.577350269189621));
#2671=DIRECTION('center_axis',(-1.,0.,0.));
#2672=DIRECTION('ref_axis',(0.,-0.707106781186551,0.707106781186544));
#2673=DIRECTION('center_axis',(1.,0.,0.));
#2674=DIRECTION('ref_axis',(0.,-0.707106781186554,0.707106781186541));
#2675=DIRECTION('',(1.,0.,0.));
#2676=DIRECTION('center_axis',(-1.,0.,0.));
#2677=DIRECTION('ref_axis',(0.,-1.,0.));
#2678=DIRECTION('center_axis',(0.,-1.,0.));
#2679=DIRECTION('ref_axis',(1.,0.,0.));
#2680=DIRECTION('',(0.,0.,-1.));
#2681=DIRECTION('',(0.,0.,-1.));
#2682=DIRECTION('center_axis',(-0.372608899923008,-0.848664890372404,0.375407127725834));
#2683=DIRECTION('ref_axis',(0.597847634388346,-0.528930906498376,-0.602337365773587));
#2684=DIRECTION('center_axis',(0.,0.,-1.));
#2685=DIRECTION('ref_axis',(0.748955720789012,-0.662620048215726,0.));
#2686=DIRECTION('center_axis',(0.,0.,1.));
#2687=DIRECTION('ref_axis',(0.748955720789011,-0.662620048215727,0.));
#2688=DIRECTION('center_axis',(0.,0.,-1.));
#2689=DIRECTION('ref_axis',(0.992546151641321,0.121869343405156,0.));
#2690=DIRECTION('center_axis',(-0.372608899922994,-0.848664890372416,-0.375407127725822));
#2691=DIRECTION('ref_axis',(0.597847634388357,-0.528930906498358,0.602337365773592));
#2692=DIRECTION('center_axis',(0.121869343405147,-0.992546151641322,0.));
#2693=DIRECTION('ref_axis',(0.701836114466194,0.0861746391405302,0.707106781186544));
#2694=DIRECTION('center_axis',(-0.121869343405147,0.992546151641322,0.));
#2695=DIRECTION('ref_axis',(0.701836114466194,0.086174639140541,0.707106781186543));
#2696=DIRECTION('center_axis',(0.,0.,-1.));
#2697=DIRECTION('ref_axis',(1.,0.,0.));
#2698=DIRECTION('center_axis',(0.,0.,-1.));
#2699=DIRECTION('ref_axis',(1.,0.,0.));
#2700=DIRECTION('center_axis',(-1.,0.,0.));
#2701=DIRECTION('ref_axis',(0.,0.,-1.));
#2702=DIRECTION('center_axis',(0.,0.,-1.));
#2703=DIRECTION('ref_axis',(1.,0.,0.));
#2704=DIRECTION('center_axis',(0.,0.,1.));
#2705=DIRECTION('ref_axis',(-1.,0.,0.));
#2706=DIRECTION('center_axis',(1.,0.,0.));
#2707=DIRECTION('ref_axis',(0.,0.,1.));
#2708=DIRECTION('center_axis',(1.,8.88178419700125E-16,0.));
#2709=DIRECTION('ref_axis',(8.88178419700125E-16,-1.,0.));
#2710=DIRECTION('',(0.,0.,1.));
#2711=DIRECTION('center_axis',(0.,1.,0.));
#2712=DIRECTION('ref_axis',(1.,0.,0.));
#2713=DIRECTION('',(-1.,0.,0.));
#2714=DIRECTION('center_axis',(0.,-1.,0.));
#2715=DIRECTION('ref_axis',(1.,0.,0.));
#2716=DIRECTION('',(-1.,0.,0.));
#2717=DIRECTION('',(0.,0.,1.));
#2718=DIRECTION('',(-1.,0.,0.));
#2719=DIRECTION('center_axis',(0.,-1.,0.));
#2720=DIRECTION('ref_axis',(1.,0.,0.));
#2721=DIRECTION('',(-1.,0.,0.));
#2722=DIRECTION('',(0.,0.,-1.));
#2723=DIRECTION('',(-1.,0.,0.));
#2724=DIRECTION('center_axis',(-0.992546151641322,-0.121869343405147,0.));
#2725=DIRECTION('ref_axis',(0.121869343405147,-0.992546151641322,0.));
#2726=DIRECTION('',(-0.121869343405147,0.992546151641322,0.));
#2727=DIRECTION('',(-0.121869343405147,0.992546151641322,0.));
#2728=DIRECTION('center_axis',(0.992546151641322,0.121869343405147,0.));
#2729=DIRECTION('ref_axis',(-0.121869343405147,0.992546151641322,0.));
#2730=DIRECTION('',(0.121869343405147,-0.992546151641322,0.));
#2731=DIRECTION('',(0.121869343405147,-0.992546151641322,0.));
#2732=DIRECTION('center_axis',(0.,0.,1.));
#2733=DIRECTION('ref_axis',(1.,0.,0.));
#2734=DIRECTION('center_axis',(0.,0.,1.));
#2735=DIRECTION('ref_axis',(1.,0.,0.));
#2736=CARTESIAN_POINT('',(0.,0.,0.));
#2737=CARTESIAN_POINT('Origin',(55.5,1.,53.));
#2738=CARTESIAN_POINT('',(54.5,1.,0.999999999999996));
#2739=CARTESIAN_POINT('',(55.5,0.,1.));
#2740=CARTESIAN_POINT('Origin',(55.5,1.,0.999999999999996));
#2741=CARTESIAN_POINT('',(55.5,0.,5.02961680467262));
#2742=CARTESIAN_POINT('',(55.5,0.,53.));
#2743=CARTESIAN_POINT('',(54.5,1.,6.02961680467262));
#2744=CARTESIAN_POINT('Origin',(55.5,1.,6.02961680467262));
#2745=CARTESIAN_POINT('',(54.5,1.,53.));
#2746=CARTESIAN_POINT('Origin',(50.5,62.0341344775826,0.999999999999996));
#2747=CARTESIAN_POINT('',(51.5,10.,0.999999999999996));
#2748=CARTESIAN_POINT('',(51.5,0.999999999999996,0.999999999999996));
#2749=CARTESIAN_POINT('',(51.5,62.0341344775826,0.999999999999996));
#2750=CARTESIAN_POINT('',(50.5,0.999999999999996,0.));
#2751=CARTESIAN_POINT('Origin',(50.5,0.999999999999996,0.999999999999996));
#2752=CARTESIAN_POINT('',(50.5,11.,0.));
#2753=CARTESIAN_POINT('',(50.5,62.0341344775826,0.));
#2754=CARTESIAN_POINT('Origin',(50.5,11.,0.999999999999996));
#2755=CARTESIAN_POINT('Origin',(55.4999999999999,67.0341344775826,0.999999999999996));
#2756=CARTESIAN_POINT('',(55.5,11.,0.));
#2757=CARTESIAN_POINT('',(55.5,0.999999999999996,0.));
#2758=CARTESIAN_POINT('',(55.4999999999999,67.0341344775826,0.));
#2759=CARTESIAN_POINT('Origin',(55.5,0.999999999999996,0.999999999999996));
#2760=CARTESIAN_POINT('',(54.5,10.,0.999999999999996));
#2761=CARTESIAN_POINT('',(54.5,67.0341344775826,0.999999999999996));
#2762=CARTESIAN_POINT('Origin',(55.5,11.,0.999999999999996));
#2763=CARTESIAN_POINT('Origin',(44.6331660371783,11.,0.999999999999996));
#2764=CARTESIAN_POINT('',(44.6331660371783,11.,0.));
#2765=CARTESIAN_POINT('',(44.6331660371783,10.,0.999999999999996));
#2766=CARTESIAN_POINT('Origin',(55.5,0.999999999999996,1.));
#2767=CARTESIAN_POINT('Origin',(55.5,0.999999999999996,1.));
#2768=CARTESIAN_POINT('Origin',(50.5,1.,53.));
#2769=CARTESIAN_POINT('',(50.5,0.,1.));
#2770=CARTESIAN_POINT('Origin',(50.5,1.,0.999999999999996));
#2771=CARTESIAN_POINT('',(51.5,1.,6.02961680467262));
#2772=CARTESIAN_POINT('',(51.5,1.,53.));
#2773=CARTESIAN_POINT('',(50.5,0.,5.02961680467262));
#2774=CARTESIAN_POINT('Origin',(50.5,1.,6.02961680467262));
#2775=CARTESIAN_POINT('',(50.5,0.,53.));
#2776=CARTESIAN_POINT('Origin',(50.5,0.999999999999996,1.));
#2777=CARTESIAN_POINT('Origin',(50.5,0.999999999999996,1.));
#2778=CARTESIAN_POINT('Origin',(18.8831660371783,0.999999999999996,1.));
#2779=CARTESIAN_POINT('',(104.869705613638,0.999999999999996,0.));
#2780=CARTESIAN_POINT('',(18.8831660371783,0.999999999999996,0.));
#2781=CARTESIAN_POINT('',(104.869705613638,0.,1.));
#2782=CARTESIAN_POINT('Origin',(104.869705613638,0.999999999999996,1.));
#2783=CARTESIAN_POINT('',(18.8831660371783,0.,1.));
#2784=CARTESIAN_POINT('Origin',(37.7663320743566,124.068268955165,0.));
#2785=CARTESIAN_POINT('',(0.884725264555959,0.999999999999996,0.));
#2786=CARTESIAN_POINT('',(18.8831660371783,0.999999999999996,0.));
#2787=CARTESIAN_POINT('',(-29.3370414649251,247.136537910331,0.));
#2788=CARTESIAN_POINT('',(-21.4643741099808,183.018807659457,0.));
#2789=CARTESIAN_POINT('',(74.6479388841572,247.136537910331,0.));
#2790=CARTESIAN_POINT('',(56.6494981115349,247.136537910331,0.));
#2791=CARTESIAN_POINT('',(96.9970382586939,65.1177302508731,0.));
#2792=CARTESIAN_POINT('Origin',(18.8831660371783,0.999999999999996,1.));
#2793=CARTESIAN_POINT('',(0.884725264555948,0.,1.));
#2794=CARTESIAN_POINT('',(18.8831660371783,0.,1.));
#2795=CARTESIAN_POINT('Origin',(0.884725264555948,0.999999999999996,1.));
#2796=CARTESIAN_POINT('Origin',(0.,0.,0.));
#2797=CARTESIAN_POINT('',(49.,0.,5.02961680467262));
#2798=CARTESIAN_POINT('',(24.,0.,5.02961680467262));
#2799=CARTESIAN_POINT('',(48.,0.,6.02961680467262));
#2800=CARTESIAN_POINT('Origin',(49.,0.,6.02961680467262));
#2801=CARTESIAN_POINT('',(48.,0.,14.0296168046726));
#2802=CARTESIAN_POINT('',(48.,0.,7.51480840233631));
#2803=CARTESIAN_POINT('',(48.042014284178,0.,14.3164327182497));
#2804=CARTESIAN_POINT('Origin',(49.,0.,14.0296168046726));
#2805=CARTESIAN_POINT('',(48.042014284178,0.,91.6835672817504));
#2806=CARTESIAN_POINT('Origin',(53.,0.,53.));
#2807=CARTESIAN_POINT('',(48.,0.,91.9703831953274));
#2808=CARTESIAN_POINT('Origin',(49.,0.,91.9703831953274));
#2809=CARTESIAN_POINT('',(48.,0.,99.9703831953274));
#2810=CARTESIAN_POINT('',(48.,0.,50.4851915976637));
#2811=CARTESIAN_POINT('',(49.,0.,100.970383195327));
#2812=CARTESIAN_POINT('Origin',(49.,0.,99.9703831953274));
#2813=CARTESIAN_POINT('',(50.5,0.,100.970383195327));
#2814=CARTESIAN_POINT('',(25.75,0.,100.970383195327));
#2815=CARTESIAN_POINT('',(50.5,0.,105.));
#2816=CARTESIAN_POINT('',(50.5,0.,53.));
#2817=CARTESIAN_POINT('',(0.884725264555948,0.,105.));
#2818=CARTESIAN_POINT('',(18.8831660371783,0.,105.));
#2819=CARTESIAN_POINT('',(0.884725264555948,0.,0.));
#2820=CARTESIAN_POINT('Origin',(-29.3370414649251,247.136537910331,1.));
#2821=CARTESIAN_POINT('',(-29.3370414649251,248.136537910331,1.));
#2822=CARTESIAN_POINT('',(-30.3295876165664,247.014668566925,1.));
#2823=CARTESIAN_POINT('Origin',(-29.3370414649251,247.136537910331,1.));
#2824=CARTESIAN_POINT('Origin',(-29.3370414649251,247.136537910331,1.));
#2825=CARTESIAN_POINT('Origin',(-29.3370414649251,247.136537910331,1.));
#2826=CARTESIAN_POINT('Origin',(56.6494981115349,247.136537910331,1.));
#2827=CARTESIAN_POINT('',(74.6479388841572,248.136537910331,1.));
#2828=CARTESIAN_POINT('Origin',(74.6479388841572,247.136537910331,1.));
#2829=CARTESIAN_POINT('',(56.6494981115349,248.136537910331,1.));
#2830=CARTESIAN_POINT('Origin',(0.884725264555948,0.999999999999996,1.));
#2831=CARTESIAN_POINT('',(-0.107820887085373,0.87813065659482,1.));
#2832=CARTESIAN_POINT('Origin',(0.884725264555963,0.999999999999943,1.));
#2833=CARTESIAN_POINT('Origin',(0.884725264555948,0.999999999999996,1.));
#2834=CARTESIAN_POINT('Origin',(0.884725264555948,0.999999999999996,0.));
#2835=CARTESIAN_POINT('',(-0.107820887085368,0.878130656594784,105.));
#2836=CARTESIAN_POINT('Origin',(0.884725264555948,0.999999999999996,105.));
#2837=CARTESIAN_POINT('',(-0.107820887085375,0.878130656594849,0.));
#2838=CARTESIAN_POINT('Origin',(-21.4643741099808,183.018807659457,1.));
#2839=CARTESIAN_POINT('',(-22.4569202616221,182.896938316052,1.));
#2840=CARTESIAN_POINT('Origin',(-29.3370414649251,247.136537910331,105.));
#2841=CARTESIAN_POINT('',(-29.3370414649251,248.136537910331,105.));
#2842=CARTESIAN_POINT('',(-29.3370414649251,247.136537910331,106.));
#2843=CARTESIAN_POINT('Origin',(-29.3370414649251,247.136537910331,105.));
#2844=CARTESIAN_POINT('',(-30.3295876165664,247.014668566925,105.));
#2845=CARTESIAN_POINT('Origin',(-29.3370414649251,247.136537910331,105.));
#2846=CARTESIAN_POINT('Origin',(-29.3370414649251,247.136537910331,105.));
#2847=CARTESIAN_POINT('Origin',(-29.3370414649251,247.136537910331,0.));
#2848=CARTESIAN_POINT('',(-29.3370414649251,248.136537910331,0.));
#2849=CARTESIAN_POINT('',(-30.3295876165664,247.014668566925,0.));
#2850=CARTESIAN_POINT('Origin',(-21.4643741099808,183.018807659457,105.));
#2851=CARTESIAN_POINT('',(0.884725264555963,0.999999999999996,106.));
#2852=CARTESIAN_POINT('Origin',(0.884725264555963,0.999999999999943,105.));
#2853=CARTESIAN_POINT('',(-21.4643741099808,183.018807659457,106.));
#2854=CARTESIAN_POINT('',(-22.4569202616221,182.896938316052,105.));
#2855=CARTESIAN_POINT('Origin',(56.6494981115349,247.136537910331,105.));
#2856=CARTESIAN_POINT('',(74.6479388841572,247.136537910331,106.));
#2857=CARTESIAN_POINT('',(74.6479388841572,248.136537910331,105.));
#2858=CARTESIAN_POINT('Origin',(74.6479388841572,247.136537910331,105.));
#2859=CARTESIAN_POINT('',(56.6494981115349,248.136537910331,105.));
#2860=CARTESIAN_POINT('',(56.6494981115349,247.136537910331,106.));
#2861=CARTESIAN_POINT('Origin',(0.884725264555948,0.999999999999996,105.));
#2862=CARTESIAN_POINT('Origin',(0.884725264555948,0.999999999999996,105.));
#2863=CARTESIAN_POINT('Origin',(74.6479388841572,247.136537910331,0.));
#2864=CARTESIAN_POINT('',(75.6404850357985,247.258407253736,1.));
#2865=CARTESIAN_POINT('Origin',(74.6479388841572,247.136537910331,1.));
#2866=CARTESIAN_POINT('',(74.6479388841572,248.136537910331,0.));
#2867=CARTESIAN_POINT('',(75.6404850357985,247.258407253736,105.));
#2868=CARTESIAN_POINT('Origin',(74.6479388841572,247.136537910331,105.));
#2869=CARTESIAN_POINT('',(75.6404850357985,247.258407253736,0.));
#2870=CARTESIAN_POINT('Origin',(74.6479388841572,247.136537910331,1.));
#2871=CARTESIAN_POINT('Origin',(74.6479388841572,247.136537910331,1.));
#2872=CARTESIAN_POINT('Origin',(74.6479388841572,247.136537910331,105.));
#2873=CARTESIAN_POINT('Origin',(74.6479388841572,247.136537910331,105.));
#2874=CARTESIAN_POINT('Origin',(51.5,0.,106.));
#2875=CARTESIAN_POINT('',(51.5,10.,10.));
#2876=CARTESIAN_POINT('',(51.5,10.,106.));
#2877=CARTESIAN_POINT('',(51.5,10.,15.0296168046726));
#2878=CARTESIAN_POINT('',(51.5,10.,53.));
#2879=CARTESIAN_POINT('',(51.5,1.,15.0296168046726));
#2880=CARTESIAN_POINT('',(51.5,0.,15.0296168046726));
#2881=CARTESIAN_POINT('',(51.5,2.88353821653597E-7,14.0296168046726));
#2882=CARTESIAN_POINT('Ctrl Pts',(51.5,2.88353821741418E-7,14.0296168046726));
#2883=CARTESIAN_POINT('Ctrl Pts',(51.5,9.39087568319149E-5,14.1529880739044));
#2884=CARTESIAN_POINT('Ctrl Pts',(51.5,0.0290024343793653,14.2980229381671));
#2885=CARTESIAN_POINT('Ctrl Pts',(51.5,0.123402256606087,14.526025486111));
#2886=CARTESIAN_POINT('Ctrl Pts',(51.5,0.20569850635304,14.6492612369158));
#2887=CARTESIAN_POINT('Ctrl Pts',(51.5,0.380258090945337,14.8239027927556));
#2888=CARTESIAN_POINT('Ctrl Pts',(51.5,0.503392171343824,14.9062265268541));
#2889=CARTESIAN_POINT('Ctrl Pts',(51.5,0.731404892645171,15.0007155840122));
#2890=CARTESIAN_POINT('Ctrl Pts',(51.5,0.87661670341343,15.0296168046726));
#2891=CARTESIAN_POINT('Ctrl Pts',(51.5,1.,15.0296168046726));
#2892=CARTESIAN_POINT('',(51.5,-24.,14.0296168046726));
#2893=CARTESIAN_POINT('',(51.5,0.,14.0296168046726));
#2894=CARTESIAN_POINT('',(51.5,-24.,6.02961680467262));
#2895=CARTESIAN_POINT('',(51.5,-24.,58.0148084023363));
#2896=CARTESIAN_POINT('',(51.5,0.,6.02961680467262));
#2897=CARTESIAN_POINT('Origin',(96.9970382586939,65.1177302508731,1.));
#2898=CARTESIAN_POINT('',(105.86225176528,1.12186934340515,1.));
#2899=CARTESIAN_POINT('',(97.9895844103353,65.2395995942782,1.));
#2900=CARTESIAN_POINT('Origin',(104.869705613638,0.999999999999988,1.));
#2901=CARTESIAN_POINT('Origin',(106.,0.,0.));
#2902=CARTESIAN_POINT('',(105.86225176528,1.12186934340516,105.));
#2903=CARTESIAN_POINT('',(97.9895844103353,65.2395995942782,105.));
#2904=CARTESIAN_POINT('',(105.86225176528,1.12186934340515,0.));
#2905=CARTESIAN_POINT('Origin',(75.5326641487132,248.136537910331,0.));
#2906=CARTESIAN_POINT('',(65.4575658941247,248.136537910331,10.));
#2907=CARTESIAN_POINT('',(65.4575658941247,248.136537910331,96.));
#2908=CARTESIAN_POINT('',(65.4575658941247,248.13653791033,0.));
#2909=CARTESIAN_POINT('',(-20.3922375966984,248.136537910331,96.));
#2910=CARTESIAN_POINT('',(56.6494981115349,248.136537910331,96.));
#2911=CARTESIAN_POINT('',(-20.3922375966984,248.136537910331,10.));
#2912=CARTESIAN_POINT('',(-20.3922375966984,248.136537910331,0.));
#2913=CARTESIAN_POINT('',(56.6494981115349,248.136537910331,10.));
#2914=CARTESIAN_POINT('Origin',(-30.4673358512868,248.136537910331,0.));
#2915=CARTESIAN_POINT('Origin',(57.,-24.,6.02961680467262));
#2916=CARTESIAN_POINT('',(57.,-24.,5.02961680467262));
#2917=CARTESIAN_POINT('',(57.,-25.,6.02961680467262));
#2918=CARTESIAN_POINT('Origin',(57.,-24.,6.02961680467262));
#2919=CARTESIAN_POINT('',(58.,-24.,6.02961680467262));
#2920=CARTESIAN_POINT('Origin',(57.,-24.,6.02961680467262));
#2921=CARTESIAN_POINT('Origin',(57.,-24.,6.02961680467262));
#2922=CARTESIAN_POINT('Origin',(57.,0.,6.02961680467262));
#2923=CARTESIAN_POINT('',(57.,0.,5.02961680467262));
#2924=CARTESIAN_POINT('',(58.,0.,6.02961680467262));
#2925=CARTESIAN_POINT('Origin',(57.,0.,6.02961680467262));
#2926=CARTESIAN_POINT('',(58.,0.,6.02961680467262));
#2927=CARTESIAN_POINT('',(57.,0.,5.02961680467262));
#2928=CARTESIAN_POINT('Origin',(55.5,-24.,6.02961680467262));
#2929=CARTESIAN_POINT('',(54.5,-24.,6.02961680467262));
#2930=CARTESIAN_POINT('',(55.5,-25.,6.02961680467262));
#2931=CARTESIAN_POINT('Origin',(55.5,-24.,6.02961680467262));
#2932=CARTESIAN_POINT('',(55.5,-24.,5.02961680467262));
#2933=CARTESIAN_POINT('Origin',(55.5,-24.,6.02961680467262));
#2934=CARTESIAN_POINT('Origin',(55.5,-24.,6.02961680467262));
#2935=CARTESIAN_POINT('Origin',(55.5,5.,6.02961680467262));
#2936=CARTESIAN_POINT('',(55.5,5.,5.02961680467262));
#2937=CARTESIAN_POINT('',(54.5,5.,6.02961680467262));
#2938=CARTESIAN_POINT('Origin',(55.375,-24.,6.02961680467262));
#2939=CARTESIAN_POINT('',(55.375,-25.,6.02961680467262));
#2940=CARTESIAN_POINT('',(55.375,-24.,5.02961680467262));
#2941=CARTESIAN_POINT('Origin',(57.,-24.,14.0296168046726));
#2942=CARTESIAN_POINT('',(58.,-24.,14.0296168046726));
#2943=CARTESIAN_POINT('',(57.,-25.,14.0296168046726));
#2944=CARTESIAN_POINT('Origin',(57.,-24.,14.0296168046726));
#2945=CARTESIAN_POINT('',(57.,-24.,15.0296168046726));
#2946=CARTESIAN_POINT('Origin',(57.,-24.,14.0296168046726));
#2947=CARTESIAN_POINT('Origin',(57.,-24.,14.0296168046726));
#2948=CARTESIAN_POINT('Origin',(57.,0.,14.0296168046726));
#2949=CARTESIAN_POINT('',(57.0000000000026,0.426931683347504,15.0296168046726));
#2950=CARTESIAN_POINT('',(57.957985715822,0.,14.3164327182497));
#2951=CARTESIAN_POINT('Ctrl Pts',(57.0000000000027,0.426931683347882,15.0296168046726));
#2952=CARTESIAN_POINT('Ctrl Pts',(57.0516694162194,0.419190655894214,15.0296168046725));
#2953=CARTESIAN_POINT('Ctrl Pts',(57.1077789564817,0.405092254317067,15.0257639905326));
#2954=CARTESIAN_POINT('Ctrl Pts',(57.3003048460805,0.336304874841963,14.9926464844822));
#2955=CARTESIAN_POINT('Ctrl Pts',(57.4307067167069,0.263851576797426,14.9433756068974));
#2956=CARTESIAN_POINT('Ctrl Pts',(57.6392214076675,0.144833896301709,14.8059996433614));
#2957=CARTESIAN_POINT('Ctrl Pts',(57.7200446885747,0.097454268737479,14.7323511371381));
#2958=CARTESIAN_POINT('Ctrl Pts',(57.8450279449616,0.0328987766560533,14.5722325694324));
#2959=CARTESIAN_POINT('Ctrl Pts',(57.892238743398,0.0123090377661198,14.4910276060441));
#2960=CARTESIAN_POINT('Ctrl Pts',(57.9391501379316,0.00135285424881133,
14.3745017288383));
#2961=CARTESIAN_POINT('Ctrl Pts',(57.9492565274373,-4.01909074954913E-16,
14.3455888333305));
#2962=CARTESIAN_POINT('Ctrl Pts',(57.957985715822,0.,14.3164327182497));
#2963=CARTESIAN_POINT('',(57.,0.,15.0296168046726));
#2964=CARTESIAN_POINT('',(58.,0.,14.0296168046726));
#2965=CARTESIAN_POINT('',(58.,0.,14.0296168046726));
#2966=CARTESIAN_POINT('Origin',(57.,0.,14.0296168046726));
#2967=CARTESIAN_POINT('Origin',(55.5,-24.,14.0296168046726));
#2968=CARTESIAN_POINT('',(55.5,-24.,15.0296168046726));
#2969=CARTESIAN_POINT('',(55.5,-25.,14.0296168046726));
#2970=CARTESIAN_POINT('Origin',(55.5,-24.,14.0296168046726));
#2971=CARTESIAN_POINT('',(54.5,-24.,14.0296168046726));
#2972=CARTESIAN_POINT('Origin',(55.5,-24.,14.0296168046726));
#2973=CARTESIAN_POINT('Origin',(55.5,-24.,14.0296168046726));
#2974=CARTESIAN_POINT('Origin',(55.5,5.,14.0296168046726));
#2975=CARTESIAN_POINT('',(54.5,2.88353821653597E-7,14.0296168046726));
#2976=CARTESIAN_POINT('',(55.5000000000001,0.679962332357726,15.0296168046726));
#2977=CARTESIAN_POINT('Ctrl Pts',(54.5,2.88353821793112E-7,14.0296168046726));
#2978=CARTESIAN_POINT('Ctrl Pts',(54.5,6.56103051500019E-5,14.1156968874851));
#2979=CARTESIAN_POINT('Ctrl Pts',(54.5110925415024,0.0112040532741625,14.1993241083278));
#2980=CARTESIAN_POINT('Ctrl Pts',(54.5599416234886,0.0593817237771143,14.3891586920043));
#2981=CARTESIAN_POINT('Ctrl Pts',(54.6051655447595,0.103623004728213,14.4874264185944));
#2982=CARTESIAN_POINT('Ctrl Pts',(54.738884110526,0.231383720433501,14.6941627939502));
#2983=CARTESIAN_POINT('Ctrl Pts',(54.8376994539209,0.324366365192378,14.7898488315501));
#2984=CARTESIAN_POINT('Ctrl Pts',(55.0329438872918,0.491482384489906,14.9201658048248));
#2985=CARTESIAN_POINT('Ctrl Pts',(55.1207946269351,0.56050044468191,14.9587478309389));
#2986=CARTESIAN_POINT('Ctrl Pts',(55.2536205789533,0.640108161995717,15.000351846086));
#2987=CARTESIAN_POINT('Ctrl Pts',(55.2986714622333,0.660178367013628,15.0100316559918));
#2988=CARTESIAN_POINT('Ctrl Pts',(55.3797260042531,0.683618901658074,15.0231761085152));
#2989=CARTESIAN_POINT('Ctrl Pts',(55.4193280694927,0.688412413307171,15.0271932078963));
#2990=CARTESIAN_POINT('Ctrl Pts',(55.4730263168573,0.68439078435987,15.0293363934114));
#2991=CARTESIAN_POINT('Ctrl Pts',(55.4862910592603,0.682628540925124,15.0296168046726));
#2992=CARTESIAN_POINT('Ctrl Pts',(55.5000000000001,0.679962332357737,15.0296168046726));
#2993=CARTESIAN_POINT('',(54.5,5.,14.0296168046726));
#2994=CARTESIAN_POINT('',(55.5,5.,15.0296168046726));
#2995=CARTESIAN_POINT('Origin',(55.5,-24.,58.0148084023363));
#2996=CARTESIAN_POINT('',(55.5,-25.,58.0148084023363));
#2997=CARTESIAN_POINT('',(54.5,-24.,58.0148084023363));
#2998=CARTESIAN_POINT('Origin',(57.125,-24.,14.0296168046726));
#2999=CARTESIAN_POINT('',(57.125,-25.,14.0296168046726));
#3000=CARTESIAN_POINT('',(57.125,-24.,15.0296168046726));
#3001=CARTESIAN_POINT('Origin',(57.,-24.,7.52961680467262));
#3002=CARTESIAN_POINT('',(57.,-25.,7.52961680467262));
#3003=CARTESIAN_POINT('',(58.,-24.,7.52961680467262));
#3004=CARTESIAN_POINT('Origin',(54.5,0.,5.02961680467262));
#3005=CARTESIAN_POINT('',(27.25,0.,5.02961680467262));
#3006=CARTESIAN_POINT('Origin',(54.5,10.,106.));
#3007=CARTESIAN_POINT('',(54.5,1.,15.0296168046726));
#3008=CARTESIAN_POINT('Ctrl Pts',(54.5,1.,15.0296168046726));
#3009=CARTESIAN_POINT('Ctrl Pts',(54.5,0.87661670341343,15.0296168046726));
#3010=CARTESIAN_POINT('Ctrl Pts',(54.5,0.731404892645171,15.0007155840122));
#3011=CARTESIAN_POINT('Ctrl Pts',(54.5,0.503392171343825,14.9062265268541));
#3012=CARTESIAN_POINT('Ctrl Pts',(54.5,0.380258090945338,14.8239027927556));
#3013=CARTESIAN_POINT('Ctrl Pts',(54.5,0.205698506353042,14.6492612369158));
#3014=CARTESIAN_POINT('Ctrl Pts',(54.5,0.12340225660609,14.526025486111));
#3015=CARTESIAN_POINT('Ctrl Pts',(54.5,0.029002434379366,14.2980229381671));
#3016=CARTESIAN_POINT('Ctrl Pts',(54.5,9.39087568318572E-5,14.1529880739044));
#3017=CARTESIAN_POINT('Ctrl Pts',(54.5,2.88353821716481E-7,14.0296168046726));
#3018=CARTESIAN_POINT('',(54.5,10.,15.0296168046726));
#3019=CARTESIAN_POINT('',(54.5,0.,15.0296168046726));
#3020=CARTESIAN_POINT('',(54.5,10.,10.));
#3021=CARTESIAN_POINT('',(54.5,10.,53.));
#3022=CARTESIAN_POINT('',(54.5,10.,106.));
#3023=CARTESIAN_POINT('Origin',(56.25,-25.,10.0296168046726));
#3024=CARTESIAN_POINT('Origin',(49.,-24.,6.02961680467262));
#3025=CARTESIAN_POINT('',(48.,-24.,6.02961680467262));
#3026=CARTESIAN_POINT('',(49.,-25.,6.02961680467262));
#3027=CARTESIAN_POINT('Origin',(49.,-24.,6.02961680467262));
#3028=CARTESIAN_POINT('',(49.,-24.,5.02961680467262));
#3029=CARTESIAN_POINT('Origin',(49.,-24.,6.02961680467262));
#3030=CARTESIAN_POINT('Origin',(49.,-24.,6.02961680467262));
#3031=CARTESIAN_POINT('Origin',(49.,0.,6.02961680467262));
#3032=CARTESIAN_POINT('',(49.,0.,5.02961680467262));
#3033=CARTESIAN_POINT('',(48.,0.,6.02961680467262));
#3034=CARTESIAN_POINT('Origin',(50.5,-24.,6.02961680467262));
#3035=CARTESIAN_POINT('',(50.5,-24.,5.02961680467262));
#3036=CARTESIAN_POINT('',(50.5,-25.,6.02961680467262));
#3037=CARTESIAN_POINT('Origin',(50.5,-24.,6.02961680467262));
#3038=CARTESIAN_POINT('Origin',(50.5,-24.,6.02961680467262));
#3039=CARTESIAN_POINT('Origin',(50.5,-24.,6.02961680467262));
#3040=CARTESIAN_POINT('Origin',(50.5,0.,6.02961680467262));
#3041=CARTESIAN_POINT('',(50.5,0.,5.02961680467262));
#3042=CARTESIAN_POINT('Origin',(49.,-24.,14.0296168046726));
#3043=CARTESIAN_POINT('',(49.,-24.,15.0296168046726));
#3044=CARTESIAN_POINT('',(49.,-25.,14.0296168046726));
#3045=CARTESIAN_POINT('Origin',(49.,-24.,14.0296168046726));
#3046=CARTESIAN_POINT('',(48.,-24.,14.0296168046726));
#3047=CARTESIAN_POINT('Origin',(49.,-24.,14.0296168046726));
#3048=CARTESIAN_POINT('Origin',(49.,-24.,14.0296168046726));
#3049=CARTESIAN_POINT('Origin',(49.,0.,14.0296168046726));
#3050=CARTESIAN_POINT('',(48.,0.,14.0296168046726));
#3051=CARTESIAN_POINT('',(48.9999999999974,0.426931683347505,15.0296168046726));
#3052=CARTESIAN_POINT('',(49.,0.,15.0296168046726));
#3053=CARTESIAN_POINT('Ctrl Pts',(48.042014284178,0.,14.3164327182497));
#3054=CARTESIAN_POINT('Ctrl Pts',(48.0587362859735,2.51941448387599E-16,
14.3722854032009));
#3055=CARTESIAN_POINT('Ctrl Pts',(48.0802246045899,0.00496374507706758,
14.4262845589397));
#3056=CARTESIAN_POINT('Ctrl Pts',(48.1571896318511,0.0326090140163253,14.5797621474806));
#3057=CARTESIAN_POINT('Ctrl Pts',(48.2232042528542,0.0670238894913814,14.6681919999963));
#3058=CARTESIAN_POINT('Ctrl Pts',(48.4068211887886,0.169985591652024,14.8488790090235));
#3059=CARTESIAN_POINT('Ctrl Pts',(48.5300256340569,0.2445521410846,14.9220495668245));
#3060=CARTESIAN_POINT('Ctrl Pts',(48.7335459775731,0.346056169438927,14.9972395100145));
#3061=CARTESIAN_POINT('Ctrl Pts',(48.8195863925053,0.38360416641592,15.0172572960818));
#3062=CARTESIAN_POINT('Ctrl Pts',(48.9389699976905,0.41582020842858,15.0282198226772));
#3063=CARTESIAN_POINT('Ctrl Pts',(48.9694258757805,0.422351118049036,15.0296168046725));
#3064=CARTESIAN_POINT('Ctrl Pts',(48.9999999999974,0.426931683347894,15.0296168046726));
#3065=CARTESIAN_POINT('Origin',(49.,-24.,12.5296168046726));
#3066=CARTESIAN_POINT('',(49.,-25.,12.5296168046726));
#3067=CARTESIAN_POINT('',(48.,-24.,12.5296168046726));
#3068=CARTESIAN_POINT('Origin',(50.5,-24.,14.0296168046726));
#3069=CARTESIAN_POINT('',(50.5,-25.,14.0296168046726));
#3070=CARTESIAN_POINT('Origin',(50.5,-24.,14.0296168046726));
#3071=CARTESIAN_POINT('',(50.5,-24.,15.0296168046726));
#3072=CARTESIAN_POINT('Origin',(50.5,-24.,14.0296168046726));
#3073=CARTESIAN_POINT('Origin',(50.5,-24.,14.0296168046726));
#3074=CARTESIAN_POINT('Origin',(50.5,0.,14.0296168046726));
#3075=CARTESIAN_POINT('',(50.5,0.679962332357729,15.0296168046726));
#3076=CARTESIAN_POINT('Ctrl Pts',(50.5,0.679962332357759,15.0296168046726));
#3077=CARTESIAN_POINT('Ctrl Pts',(50.5292648587791,0.685653962271513,15.0296168046726));
#3078=CARTESIAN_POINT('Ctrl Pts',(50.5584622231761,0.687585589995792,15.0283503824369));
#3079=CARTESIAN_POINT('Ctrl Pts',(50.6316438678672,0.682087760545718,15.0218762786535));
#3080=CARTESIAN_POINT('Ctrl Pts',(50.6788988531381,0.669615088256724,15.0150504667021));
#3081=CARTESIAN_POINT('Ctrl Pts',(50.8395224043706,0.593890312782847,14.9765820233487));
#3082=CARTESIAN_POINT('Ctrl Pts',(50.9552178395205,0.50221647549135,14.9300410732429));
#3083=CARTESIAN_POINT('Ctrl Pts',(51.1617606493849,0.324249458296094,14.7883108844753));
#3084=CARTESIAN_POINT('Ctrl Pts',(51.2478590333121,0.243635265745132,14.7046160793618));
#3085=CARTESIAN_POINT('Ctrl Pts',(51.3726195771105,0.125072445892094,14.5271344132577));
#3086=CARTESIAN_POINT('Ctrl Pts',(51.4174710933215,0.0814287464169756,14.4398533940271));
#3087=CARTESIAN_POINT('Ctrl Pts',(51.4773543600733,0.0226992720628973,14.2594937264177));
#3088=CARTESIAN_POINT('Ctrl Pts',(51.4942763504575,0.00580701677183868,
14.1701176612812));
#3089=CARTESIAN_POINT('Ctrl Pts',(51.4995977815706,0.000426832468616914,
14.0624524245396));
#3090=CARTESIAN_POINT('Ctrl Pts',(51.5,1.27155683088727E-5,14.0459931625498));
#3091=CARTESIAN_POINT('Ctrl Pts',(51.5,2.88353821655013E-7,14.0296168046726));
#3092=CARTESIAN_POINT('',(50.5,0.,15.0296168046726));
#3093=CARTESIAN_POINT('Origin',(50.625,-24.,14.0296168046726));
#3094=CARTESIAN_POINT('',(50.625,-25.,14.0296168046726));
#3095=CARTESIAN_POINT('',(50.625,-24.,15.0296168046726));
#3096=CARTESIAN_POINT('Origin',(50.5,-24.,58.0148084023363));
#3097=CARTESIAN_POINT('',(50.5,-25.,58.0148084023363));
#3098=CARTESIAN_POINT('Origin',(48.875,-24.,6.02961680467262));
#3099=CARTESIAN_POINT('',(48.875,-25.,6.02961680467262));
#3100=CARTESIAN_POINT('',(48.875,-24.,5.02961680467262));
#3101=CARTESIAN_POINT('Origin',(48.,0.,15.0296168046726));
#3102=CARTESIAN_POINT('Origin',(51.5,0.,15.0296168046726));
#3103=CARTESIAN_POINT('Ctrl Pts',(50.5,0.679962332357755,15.0296168046726));
#3104=CARTESIAN_POINT('Ctrl Pts',(50.4914721766059,0.678303782931784,15.0296168046726));
#3105=CARTESIAN_POINT('Ctrl Pts',(50.4829420969391,0.676650441376287,15.0296168046726));
#3106=CARTESIAN_POINT('Ctrl Pts',(50.1999989091719,0.622015552203995,15.0296168046726));
#3107=CARTESIAN_POINT('Ctrl Pts',(49.9241236583699,0.574252497089438,15.0296168046726));
#3108=CARTESIAN_POINT('Ctrl Pts',(49.4538918159226,0.49658415201304,15.0296168046726));
#3109=CARTESIAN_POINT('Ctrl Pts',(49.2291172411652,0.461257653792489,15.0296168046726));
#3110=CARTESIAN_POINT('Ctrl Pts',(48.9999999999973,0.426931683347887,15.0296168046726));
#3111=CARTESIAN_POINT('Origin',(49.75,-25.,10.0296168046726));
#3112=CARTESIAN_POINT('Origin',(55.5,-24.,99.9703831953274));
#3113=CARTESIAN_POINT('',(55.5,-24.,100.970383195327));
#3114=CARTESIAN_POINT('',(55.5,-25.,99.9703831953274));
#3115=CARTESIAN_POINT('Origin',(55.5,-24.,99.9703831953274));
#3116=CARTESIAN_POINT('',(54.5,-24.,99.9703831953274));
#3117=CARTESIAN_POINT('Origin',(55.5,-24.,99.9703831953274));
#3118=CARTESIAN_POINT('Origin',(55.5,-24.,99.9703831953274));
#3119=CARTESIAN_POINT('Origin',(55.5,5.,99.9703831953274));
#3120=CARTESIAN_POINT('',(55.5,0.,100.970383195327));
#3121=CARTESIAN_POINT('',(54.5,1.,99.9703831953274));
#3122=CARTESIAN_POINT('Origin',(55.5,1.,99.9703831953274));
#3123=CARTESIAN_POINT('',(54.5,5.,99.9703831953274));
#3124=CARTESIAN_POINT('',(55.5,5.,100.970383195327));
#3125=CARTESIAN_POINT('Origin',(55.5,-24.,91.9703831953274));
#3126=CARTESIAN_POINT('',(54.5,-24.,91.9703831953274));
#3127=CARTESIAN_POINT('',(55.5,-25.,91.9703831953274));
#3128=CARTESIAN_POINT('Origin',(55.5,-24.,91.9703831953274));
#3129=CARTESIAN_POINT('',(55.5,-24.,90.9703831953274));
#3130=CARTESIAN_POINT('Origin',(55.5,-24.,91.9703831953274));
#3131=CARTESIAN_POINT('Origin',(55.5,-24.,91.9703831953274));
#3132=CARTESIAN_POINT('Origin',(55.5,5.,91.9703831953274));
#3133=CARTESIAN_POINT('',(54.5,2.88353821653597E-7,91.9703831953274));
#3134=CARTESIAN_POINT('',(55.5000000000001,0.679962332357724,90.9703831953274));
#3135=CARTESIAN_POINT('Ctrl Pts',(55.5,0.67996233235778,90.9703831953274));
#3136=CARTESIAN_POINT('Ctrl Pts',(55.4707351412205,0.685653962271625,90.9703831953274));
#3137=CARTESIAN_POINT('Ctrl Pts',(55.4415377768235,0.687585589995881,90.9716496175631));
#3138=CARTESIAN_POINT('Ctrl Pts',(55.3683561321444,0.682087760546712,90.9781237213454));
#3139=CARTESIAN_POINT('Ctrl Pts',(55.3211011468735,0.66961508826221,90.9849495332952));
#3140=CARTESIAN_POINT('Ctrl Pts',(55.1604775956272,0.593890312781828,91.0234179766518));
#3141=CARTESIAN_POINT('Ctrl Pts',(55.0447821604772,0.502216475489383,91.0699589267587));
#3142=CARTESIAN_POINT('Ctrl Pts',(54.8382393506128,0.324249458294129,91.2116891155263));
#3143=CARTESIAN_POINT('Ctrl Pts',(54.7521409666862,0.243635265743583,91.2953839206405));
#3144=CARTESIAN_POINT('Ctrl Pts',(54.6273804228883,0.125072445890957,91.472865586744));
#3145=CARTESIAN_POINT('Ctrl Pts',(54.5825289066778,0.0814287464162799,91.5601466059751));
#3146=CARTESIAN_POINT('Ctrl Pts',(54.522645639926,0.0226992720622579,91.7405062735842));
#3147=CARTESIAN_POINT('Ctrl Pts',(54.5057236495424,0.00580701677173799,
91.8298823387209));
#3148=CARTESIAN_POINT('Ctrl Pts',(54.5004022184294,0.000426832468614649,
91.9375475754605));
#3149=CARTESIAN_POINT('Ctrl Pts',(54.5,1.27155683092502E-5,91.9540068374502));
#3150=CARTESIAN_POINT('Ctrl Pts',(54.5,2.88353821794048E-7,91.9703831953274));
#3151=CARTESIAN_POINT('',(55.5,5.,90.9703831953274));
#3152=CARTESIAN_POINT('',(54.5,5.,91.9703831953274));
#3153=CARTESIAN_POINT('Origin',(57.,-24.,99.9703831953274));
#3154=CARTESIAN_POINT('',(58.,-24.,99.9703831953274));
#3155=CARTESIAN_POINT('',(57.,-25.,99.9703831953274));
#3156=CARTESIAN_POINT('Origin',(57.,-24.,99.9703831953274));
#3157=CARTESIAN_POINT('',(57.,-24.,100.970383195327));
#3158=CARTESIAN_POINT('Origin',(57.,-24.,99.9703831953274));
#3159=CARTESIAN_POINT('Origin',(57.,-24.,99.9703831953274));
#3160=CARTESIAN_POINT('Origin',(57.,0.,99.9703831953274));
#3161=CARTESIAN_POINT('',(58.,0.,99.9703831953274));
#3162=CARTESIAN_POINT('',(57.,0.,100.970383195327));
#3163=CARTESIAN_POINT('Origin',(57.,0.,99.9703831953274));
#3164=CARTESIAN_POINT('',(57.,0.,100.970383195327));
#3165=CARTESIAN_POINT('',(58.,0.,99.9703831953274));
#3166=CARTESIAN_POINT('Origin',(57.125,-24.,99.9703831953274));
#3167=CARTESIAN_POINT('',(57.125,-25.,99.9703831953274));
#3168=CARTESIAN_POINT('',(57.125,-24.,100.970383195327));
#3169=CARTESIAN_POINT('Origin',(57.,-24.,91.9703831953274));
#3170=CARTESIAN_POINT('',(57.,-24.,90.9703831953274));
#3171=CARTESIAN_POINT('',(57.,-25.,91.9703831953274));
#3172=CARTESIAN_POINT('Origin',(57.,-24.,91.9703831953274));
#3173=CARTESIAN_POINT('',(58.,-24.,91.9703831953274));
#3174=CARTESIAN_POINT('Origin',(57.,-24.,91.9703831953274));
#3175=CARTESIAN_POINT('Origin',(57.,-24.,91.9703831953274));
#3176=CARTESIAN_POINT('Origin',(57.,0.,91.9703831953274));
#3177=CARTESIAN_POINT('',(57.957985715822,0.,91.6835672817503));
#3178=CARTESIAN_POINT('',(58.,0.,91.9703831953274));
#3179=CARTESIAN_POINT('Origin',(57.,0.,91.9703831953274));
#3180=CARTESIAN_POINT('',(58.,0.,91.9703831953274));
#3181=CARTESIAN_POINT('',(57.0000000000026,0.426931683347517,90.9703831953274));
#3182=CARTESIAN_POINT('',(57.,0.,90.9703831953274));
#3183=CARTESIAN_POINT('Ctrl Pts',(57.957985715822,1.57772181044202E-28,
91.6835672817504));
#3184=CARTESIAN_POINT('Ctrl Pts',(57.9412637140265,-5.1445013162919E-16,
91.6277145967991));
#3185=CARTESIAN_POINT('Ctrl Pts',(57.9197753954101,0.00496374507705908,
91.5737154410603));
#3186=CARTESIAN_POINT('Ctrl Pts',(57.842810368149,0.0326090140163164,91.4202378525195));
#3187=CARTESIAN_POINT('Ctrl Pts',(57.7767957471458,0.067023889491374,91.3318080000038));
#3188=CARTESIAN_POINT('Ctrl Pts',(57.5931788112115,0.169985591651999,91.1511209909766));
#3189=CARTESIAN_POINT('Ctrl Pts',(57.4699743659431,0.24455214108457,91.0779504331755));
#3190=CARTESIAN_POINT('Ctrl Pts',(57.2664540224268,0.346056169438973,91.0027604899855));
#3191=CARTESIAN_POINT('Ctrl Pts',(57.1804136074947,0.3836041664159,90.9827427039182));
#3192=CARTESIAN_POINT('Ctrl Pts',(57.0610300023096,0.415820208428533,90.9717801773229));
#3193=CARTESIAN_POINT('Ctrl Pts',(57.0305741242195,0.422351118049017,90.9703831953275));
#3194=CARTESIAN_POINT('Ctrl Pts',(57.0000000000026,0.426931683347882,90.9703831953274));
#3195=CARTESIAN_POINT('Origin',(57.,-24.,93.4703831953274));
#3196=CARTESIAN_POINT('',(57.,-25.,93.4703831953274));
#3197=CARTESIAN_POINT('',(58.,-24.,93.4703831953274));
#3198=CARTESIAN_POINT('Origin',(55.375,-24.,91.9703831953274));
#3199=CARTESIAN_POINT('',(55.375,-25.,91.9703831953274));
#3200=CARTESIAN_POINT('',(55.375,-24.,90.9703831953274));
#3201=CARTESIAN_POINT('Origin',(55.5,-24.,100.985191597664));
#3202=CARTESIAN_POINT('',(55.5,-25.,100.985191597664));
#3203=CARTESIAN_POINT('',(54.5,-24.,100.985191597664));
#3204=CARTESIAN_POINT('Origin',(58.,0.,100.970383195327));
#3205=CARTESIAN_POINT('',(29.,0.,100.970383195327));
#3206=CARTESIAN_POINT('Origin',(58.,0.,90.9703831953274));
#3207=CARTESIAN_POINT('',(58.,0.,45.4851915976637));
#3208=CARTESIAN_POINT('Origin',(56.25,-25.,95.9703831953274));
#3209=CARTESIAN_POINT('Origin',(53.,1.,53.));
#3210=CARTESIAN_POINT('Origin',(53.,0.,53.));
#3211=CARTESIAN_POINT('Ctrl Pts',(55.5000000000001,0.679962332357726,90.9703831953274));
#3212=CARTESIAN_POINT('Ctrl Pts',(55.5085278233942,0.678303782931755,90.9703831953274));
#3213=CARTESIAN_POINT('Ctrl Pts',(55.5170579030609,0.676650441376284,90.9703831953274));
#3214=CARTESIAN_POINT('Ctrl Pts',(55.8000010908281,0.622015552203989,90.9703831953274));
#3215=CARTESIAN_POINT('Ctrl Pts',(56.0758763416301,0.574252497089438,90.9703831953274));
#3216=CARTESIAN_POINT('Ctrl Pts',(56.5461081840775,0.49658415201304,90.9703831953274));
#3217=CARTESIAN_POINT('Ctrl Pts',(56.7708827588348,0.46125765379249,90.9703831953274));
#3218=CARTESIAN_POINT('Ctrl Pts',(57.0000000000027,0.426931683347888,90.9703831953274));
#3219=CARTESIAN_POINT('',(54.5,1.,90.9703831953274));
#3220=CARTESIAN_POINT('Ctrl Pts',(54.5,2.88353822031984E-7,91.9703831953274));
#3221=CARTESIAN_POINT('Ctrl Pts',(54.5,9.39087568342536E-5,91.8470119260956));
#3222=CARTESIAN_POINT('Ctrl Pts',(54.5,0.0290024343793683,91.7019770618329));
#3223=CARTESIAN_POINT('Ctrl Pts',(54.5,0.12340225660609,91.473974513889));
#3224=CARTESIAN_POINT('Ctrl Pts',(54.5,0.205698506353043,91.3507387630843));
#3225=CARTESIAN_POINT('Ctrl Pts',(54.5,0.380258090945338,91.1760972072444));
#3226=CARTESIAN_POINT('Ctrl Pts',(54.5,0.503392171343824,91.0937734731459));
#3227=CARTESIAN_POINT('Ctrl Pts',(54.5,0.731404892645171,90.9992844159878));
#3228=CARTESIAN_POINT('Ctrl Pts',(54.5,0.87661670341343,90.9703831953274));
#3229=CARTESIAN_POINT('Ctrl Pts',(54.5,1.,90.9703831953274));
#3230=CARTESIAN_POINT('Origin',(53.,1.,53.));
#3231=CARTESIAN_POINT('Ctrl Pts',(57.0000000000027,0.426931683347885,15.0296168046726));
#3232=CARTESIAN_POINT('Ctrl Pts',(56.7708827588348,0.461257653792488,15.0296168046726));
#3233=CARTESIAN_POINT('Ctrl Pts',(56.5461081840775,0.496584152013039,15.0296168046726));
#3234=CARTESIAN_POINT('Ctrl Pts',(56.0758763416301,0.574252497089438,15.0296168046726));
#3235=CARTESIAN_POINT('Ctrl Pts',(55.8000010908281,0.622015552203995,15.0296168046726));
#3236=CARTESIAN_POINT('Ctrl Pts',(55.5170579030609,0.676650441376287,15.0296168046726));
#3237=CARTESIAN_POINT('Ctrl Pts',(55.5085278233942,0.678303782931756,15.0296168046726));
#3238=CARTESIAN_POINT('Ctrl Pts',(55.5000000000001,0.679962332357727,15.0296168046726));
#3239=CARTESIAN_POINT('Origin',(53.,0.,53.));
#3240=CARTESIAN_POINT('',(54.5,10.,90.9703831953274));
#3241=CARTESIAN_POINT('',(54.5,0.,90.9703831953274));
#3242=CARTESIAN_POINT('Origin',(53.,10.,53.));
#3243=CARTESIAN_POINT('Origin',(49.,-24.,99.9703831953274));
#3244=CARTESIAN_POINT('',(49.,-24.,100.970383195327));
#3245=CARTESIAN_POINT('',(49.,-25.,99.9703831953274));
#3246=CARTESIAN_POINT('Origin',(49.,-24.,99.9703831953274));
#3247=CARTESIAN_POINT('',(48.,-24.,99.9703831953274));
#3248=CARTESIAN_POINT('Origin',(49.,-24.,99.9703831953274));
#3249=CARTESIAN_POINT('Origin',(49.,-24.,99.9703831953274));
#3250=CARTESIAN_POINT('Origin',(49.,0.,99.9703831953274));
#3251=CARTESIAN_POINT('',(48.,0.,99.9703831953274));
#3252=CARTESIAN_POINT('',(49.,0.,100.970383195327));
#3253=CARTESIAN_POINT('Origin',(49.,-24.,91.9703831953274));
#3254=CARTESIAN_POINT('',(48.,-24.,91.9703831953274));
#3255=CARTESIAN_POINT('',(49.,-25.,91.9703831953274));
#3256=CARTESIAN_POINT('Origin',(49.,-24.,91.9703831953274));
#3257=CARTESIAN_POINT('',(49.,-24.,90.9703831953274));
#3258=CARTESIAN_POINT('Origin',(49.,-24.,91.9703831953274));
#3259=CARTESIAN_POINT('Origin',(49.,-24.,91.9703831953274));
#3260=CARTESIAN_POINT('Origin',(49.,0.,91.9703831953274));
#3261=CARTESIAN_POINT('',(48.9999999999974,0.426931683347518,90.9703831953274));
#3262=CARTESIAN_POINT('Ctrl Pts',(48.9999999999973,0.426931683347879,90.9703831953274));
#3263=CARTESIAN_POINT('Ctrl Pts',(48.9483305837802,0.419190655894145,90.9703831953275));
#3264=CARTESIAN_POINT('Ctrl Pts',(48.8922210435178,0.405092254316938,90.9742360094675));
#3265=CARTESIAN_POINT('Ctrl Pts',(48.6996951539194,0.336304874841913,91.0073535155179));
#3266=CARTESIAN_POINT('Ctrl Pts',(48.5692932832929,0.26385157679734,91.0566243931027));
#3267=CARTESIAN_POINT('Ctrl Pts',(48.3607785923322,0.14483389630157,91.1940003566387));
#3268=CARTESIAN_POINT('Ctrl Pts',(48.2799553114252,0.0974542687374071,91.2676488628621));
#3269=CARTESIAN_POINT('Ctrl Pts',(48.1549720550384,0.0328987766560374,91.4277674305677));
#3270=CARTESIAN_POINT('Ctrl Pts',(48.107761256602,0.0123090377661091,91.508972393956));
#3271=CARTESIAN_POINT('Ctrl Pts',(48.0608498620684,0.0013528542488082,91.6254982711617));
#3272=CARTESIAN_POINT('Ctrl Pts',(48.0507434725627,3.9823154938534E-16,
91.6544111666695));
#3273=CARTESIAN_POINT('Ctrl Pts',(48.042014284178,-4.73316543132607E-29,
91.6835672817503));
#3274=CARTESIAN_POINT('',(49.,0.,90.9703831953274));
#3275=CARTESIAN_POINT('',(48.,0.,91.9703831953274));
#3276=CARTESIAN_POINT('Origin',(50.5,-24.,99.9703831953274));
#3277=CARTESIAN_POINT('',(51.5,-24.,99.9703831953274));
#3278=CARTESIAN_POINT('',(50.5,-25.,99.9703831953274));
#3279=CARTESIAN_POINT('Origin',(50.5,-24.,99.9703831953274));
#3280=CARTESIAN_POINT('',(50.5,-24.,100.970383195327));
#3281=CARTESIAN_POINT('Origin',(50.5,-24.,99.9703831953274));
#3282=CARTESIAN_POINT('Origin',(50.5,-24.,99.9703831953274));
#3283=CARTESIAN_POINT('Origin',(50.5,0.,99.9703831953274));
#3284=CARTESIAN_POINT('',(51.5,1.,99.9703831953274));
#3285=CARTESIAN_POINT('Origin',(50.5,1.,99.9703831953274));
#3286=CARTESIAN_POINT('',(50.5,0.,100.970383195327));
#3287=CARTESIAN_POINT('',(51.5,0.,99.9703831953274));
#3288=CARTESIAN_POINT('Origin',(50.625,-24.,99.9703831953274));
#3289=CARTESIAN_POINT('',(50.625,-25.,99.9703831953274));
#3290=CARTESIAN_POINT('',(50.625,-24.,100.970383195327));
#3291=CARTESIAN_POINT('Origin',(50.5,-24.,91.9703831953274));
#3292=CARTESIAN_POINT('',(50.5,-24.,90.9703831953274));
#3293=CARTESIAN_POINT('',(50.5,-25.,91.9703831953274));
#3294=CARTESIAN_POINT('Origin',(50.5,-24.,91.9703831953274));
#3295=CARTESIAN_POINT('',(51.5,-24.,91.9703831953274));
#3296=CARTESIAN_POINT('Origin',(50.5,-24.,91.9703831953274));
#3297=CARTESIAN_POINT('Origin',(50.5,-24.,91.9703831953274));
#3298=CARTESIAN_POINT('Origin',(50.5,0.,91.9703831953274));
#3299=CARTESIAN_POINT('',(51.5,2.88353821653597E-7,91.9703831953274));
#3300=CARTESIAN_POINT('',(50.5,0.679962332357726,90.9703831953274));
#3301=CARTESIAN_POINT('Ctrl Pts',(51.5,2.88353821792853E-7,91.9703831953274));
#3302=CARTESIAN_POINT('Ctrl Pts',(51.5,6.5610305149604E-5,91.8843031125154));
#3303=CARTESIAN_POINT('Ctrl Pts',(51.4889074584977,0.0112040532740402,91.8006758916725));
#3304=CARTESIAN_POINT('Ctrl Pts',(51.4400583765115,0.0593817237770428,91.6108413079962));
#3305=CARTESIAN_POINT('Ctrl Pts',(51.3948344552408,0.10362300472799,91.5125735814058));
#3306=CARTESIAN_POINT('Ctrl Pts',(51.2611158894743,0.231383720433178,91.3058372060505));
#3307=CARTESIAN_POINT('Ctrl Pts',(51.1623005460796,0.324366365191976,91.2101511684501));
#3308=CARTESIAN_POINT('Ctrl Pts',(50.9670561127081,0.491482384489946,91.0798341951753));
#3309=CARTESIAN_POINT('Ctrl Pts',(50.8792053730649,0.560500444681967,91.041252169061));
#3310=CARTESIAN_POINT('Ctrl Pts',(50.7463794210415,0.640108161998789,90.9996481539124));
#3311=CARTESIAN_POINT('Ctrl Pts',(50.7013285377621,0.660178367015013,90.9899683440075));
#3312=CARTESIAN_POINT('Ctrl Pts',(50.6202739957473,0.683618901657989,90.9768238914848));
#3313=CARTESIAN_POINT('Ctrl Pts',(50.5806719305076,0.688412413307275,90.9728067921037));
#3314=CARTESIAN_POINT('Ctrl Pts',(50.5269736831421,0.684390784359877,90.9706636065886));
#3315=CARTESIAN_POINT('Ctrl Pts',(50.5137089407391,0.682628540925083,90.9703831953274));
#3316=CARTESIAN_POINT('Ctrl Pts',(50.4999999999999,0.679962332357801,90.9703831953274));
#3317=CARTESIAN_POINT('',(51.5,0.,91.9703831953274));
#3318=CARTESIAN_POINT('',(50.5,0.,90.9703831953274));
#3319=CARTESIAN_POINT('Origin',(50.5,-24.,100.985191597664));
#3320=CARTESIAN_POINT('',(50.5,-25.,100.985191597664));
#3321=CARTESIAN_POINT('',(51.5,-24.,100.985191597664));
#3322=CARTESIAN_POINT('Origin',(48.875,-24.,91.9703831953274));
#3323=CARTESIAN_POINT('',(48.875,-25.,91.9703831953274));
#3324=CARTESIAN_POINT('',(48.875,-24.,90.9703831953274));
#3325=CARTESIAN_POINT('Origin',(49.,-24.,98.4703831953274));
#3326=CARTESIAN_POINT('',(49.,-25.,98.4703831953274));
#3327=CARTESIAN_POINT('',(48.,-24.,98.4703831953274));
#3328=CARTESIAN_POINT('Origin',(51.5,0.,100.970383195327));
#3329=CARTESIAN_POINT('Origin',(51.5,0.,106.));
#3330=CARTESIAN_POINT('',(51.5,1.,105.));
#3331=CARTESIAN_POINT('',(51.5,1.,53.));
#3332=CARTESIAN_POINT('',(51.5,1.,90.9703831953274));
#3333=CARTESIAN_POINT('Ctrl Pts',(51.5,1.,90.9703831953274));
#3334=CARTESIAN_POINT('Ctrl Pts',(51.5,0.87661670341343,90.9703831953274));
#3335=CARTESIAN_POINT('Ctrl Pts',(51.5,0.731404892645171,90.9992844159878));
#3336=CARTESIAN_POINT('Ctrl Pts',(51.5,0.503392171343823,91.0937734731459));
#3337=CARTESIAN_POINT('Ctrl Pts',(51.5,0.380258090945337,91.1760972072444));
#3338=CARTESIAN_POINT('Ctrl Pts',(51.5,0.205698506353042,91.3507387630843));
#3339=CARTESIAN_POINT('Ctrl Pts',(51.5,0.123402256606087,91.473974513889));
#3340=CARTESIAN_POINT('Ctrl Pts',(51.5,0.0290024343793648,91.7019770618329));
#3341=CARTESIAN_POINT('Ctrl Pts',(51.5,9.3908756833915E-5,91.8470119260956));
#3342=CARTESIAN_POINT('Ctrl Pts',(51.5,2.88353821760933E-7,91.9703831953274));
#3343=CARTESIAN_POINT('',(51.5,10.,90.9703831953274));
#3344=CARTESIAN_POINT('',(51.5,0.,90.9703831953274));
#3345=CARTESIAN_POINT('',(51.5,10.,96.));
#3346=CARTESIAN_POINT('',(51.5,10.,53.));
#3347=CARTESIAN_POINT('',(51.5,10.,105.));
#3348=CARTESIAN_POINT('',(51.5,10.,106.));
#3349=CARTESIAN_POINT('',(51.5,62.0341344775826,105.));
#3350=CARTESIAN_POINT('Origin',(49.75,-25.,95.9703831953274));
#3351=CARTESIAN_POINT('Origin',(53.,1.,53.));
#3352=CARTESIAN_POINT('Origin',(53.,1.,53.));
#3353=CARTESIAN_POINT('Ctrl Pts',(48.9999999999974,0.426931683347887,90.9703831953274));
#3354=CARTESIAN_POINT('Ctrl Pts',(49.2291172411652,0.461257653792489,90.9703831953274));
#3355=CARTESIAN_POINT('Ctrl Pts',(49.4538918159226,0.49658415201304,90.9703831953274));
#3356=CARTESIAN_POINT('Ctrl Pts',(49.9241236583699,0.574252497089438,90.9703831953274));
#3357=CARTESIAN_POINT('Ctrl Pts',(50.1999989091719,0.622015552203989,90.9703831953274));
#3358=CARTESIAN_POINT('Ctrl Pts',(50.4829420969391,0.676650441376284,90.9703831953274));
#3359=CARTESIAN_POINT('Ctrl Pts',(50.4914721766058,0.678303782931739,90.9703831953274));
#3360=CARTESIAN_POINT('Ctrl Pts',(50.5,0.67996233235771,90.9703831953274));
#3361=CARTESIAN_POINT('Origin',(53.,0.,53.));
#3362=CARTESIAN_POINT('Origin',(53.,10.,53.));
#3363=CARTESIAN_POINT('Origin',(50.5,62.0341344775826,105.));
#3364=CARTESIAN_POINT('',(50.5,0.999999999999996,106.));
#3365=CARTESIAN_POINT('Origin',(50.5,0.999999999999996,105.));
#3366=CARTESIAN_POINT('',(50.5,11.,106.));
#3367=CARTESIAN_POINT('Origin',(50.5,11.,105.));
#3368=CARTESIAN_POINT('',(50.5,62.0341344775826,106.));
#3369=CARTESIAN_POINT('Origin',(18.8831660371783,0.999999999999996,105.));
#3370=CARTESIAN_POINT('Origin',(50.5,0.999999999999996,105.));
#3371=CARTESIAN_POINT('',(18.8831660371783,0.999999999999996,106.));
#3372=CARTESIAN_POINT('Origin',(50.5,1.,105.));
#3373=CARTESIAN_POINT('Origin',(50.5,1.,105.));
#3374=CARTESIAN_POINT('Origin',(50.5,1.,53.));
#3375=CARTESIAN_POINT('Origin',(37.7663320743566,124.068268955165,106.));
#3376=CARTESIAN_POINT('',(55.5,11.,106.));
#3377=CARTESIAN_POINT('',(44.6331660371783,11.,106.));
#3378=CARTESIAN_POINT('',(55.5,0.999999999999996,106.));
#3379=CARTESIAN_POINT('',(55.4999999999999,67.0341344775826,106.));
#3380=CARTESIAN_POINT('',(104.869705613638,0.999999999999996,106.));
#3381=CARTESIAN_POINT('',(18.8831660371783,0.999999999999996,106.));
#3382=CARTESIAN_POINT('',(96.9970382586939,65.1177302508731,106.));
#3383=CARTESIAN_POINT('Origin',(44.6331660371783,11.,105.));
#3384=CARTESIAN_POINT('',(54.5,10.,105.));
#3385=CARTESIAN_POINT('',(44.6331660371783,10.,105.));
#3386=CARTESIAN_POINT('Origin',(55.5,11.,105.));
#3387=CARTESIAN_POINT('Origin',(51.5,10.,106.));
#3388=CARTESIAN_POINT('',(54.5,10.,96.));
#3389=CARTESIAN_POINT('',(18.8831660371783,10.,96.));
#3390=CARTESIAN_POINT('',(54.5,10.,106.));
#3391=CARTESIAN_POINT('Origin',(55.4999999999999,67.0341344775826,105.));
#3392=CARTESIAN_POINT('',(54.5,0.999999999999996,105.));
#3393=CARTESIAN_POINT('Origin',(55.5,0.999999999999996,105.));
#3394=CARTESIAN_POINT('',(54.5,67.0341344775826,105.));
#3395=CARTESIAN_POINT('Origin',(55.5,1.,53.));
#3396=CARTESIAN_POINT('',(55.5,0.,105.));
#3397=CARTESIAN_POINT('Origin',(55.5,1.,105.));
#3398=CARTESIAN_POINT('',(54.5,1.,53.));
#3399=CARTESIAN_POINT('',(55.5,0.,53.));
#3400=CARTESIAN_POINT('Origin',(55.5,0.999999999999996,105.));
#3401=CARTESIAN_POINT('Origin',(55.5,0.999999999999996,105.));
#3402=CARTESIAN_POINT('Origin',(18.8831660371783,0.999999999999996,105.));
#3403=CARTESIAN_POINT('',(104.869705613638,0.,105.));
#3404=CARTESIAN_POINT('',(18.8831660371783,0.,105.));
#3405=CARTESIAN_POINT('Origin',(104.869705613638,0.999999999999996,105.));
#3406=CARTESIAN_POINT('Origin',(0.,0.,0.));
#3407=CARTESIAN_POINT('',(104.869705613638,0.,0.));
#3408=CARTESIAN_POINT('',(58.,0.,2.51480840233631));
#3409=CARTESIAN_POINT('Origin',(104.869705613638,1.,1.));
#3410=CARTESIAN_POINT('Origin',(104.869705613638,1.,1.));
#3411=CARTESIAN_POINT('Origin',(104.869705613638,1.,0.));
#3412=CARTESIAN_POINT('Origin',(104.869705613638,1.,105.));
#3413=CARTESIAN_POINT('Origin',(104.869705613638,0.999999999999988,105.));
#3414=CARTESIAN_POINT('Origin',(104.869705613638,0.999999999999988,105.));
#3415=CARTESIAN_POINT('Origin',(96.9970382586939,65.1177302508731,105.));
#3416=CARTESIAN_POINT('Origin',(48.,0.,5.02961680467262));
#3417=CARTESIAN_POINT('Origin',(48.,0.,90.9703831953274));
#3418=CARTESIAN_POINT('Origin',(48.,0.,100.970383195327));
#3419=CARTESIAN_POINT('Origin',(54.5,0.,90.9703831953274));
#3420=CARTESIAN_POINT('Origin',(58.,0.,15.0296168046726));
#3421=CARTESIAN_POINT('Origin',(58.,0.,5.02961680467262));
#3422=CARTESIAN_POINT('Origin',(54.5,10.,106.));
#3423=CARTESIAN_POINT('',(54.5,10.,53.));
#3424=CARTESIAN_POINT('Origin',(51.5,10.,106.));
#3425=CARTESIAN_POINT('',(18.8831660371783,10.,10.));
#3426=CARTESIAN_POINT('Origin',(0.,10.,0.));
#3427=CARTESIAN_POINT('',(8.84725264555944,10.,10.));
#3428=CARTESIAN_POINT('',(18.8831660371783,10.,10.));
#3429=CARTESIAN_POINT('',(8.84725264555944,10.,96.));
#3430=CARTESIAN_POINT('',(8.84725264555944,10.,0.));
#3431=CARTESIAN_POINT('',(18.8831660371783,10.,96.));
#3432=CARTESIAN_POINT('Origin',(0.,10.,0.));
#3433=CARTESIAN_POINT('',(94.6970561363825,10.,96.));
#3434=CARTESIAN_POINT('',(18.8831660371783,10.,96.));
#3435=CARTESIAN_POINT('',(94.6970561363825,10.,10.));
#3436=CARTESIAN_POINT('',(94.6970561363825,10.,0.));
#3437=CARTESIAN_POINT('',(18.8831660371783,10.,10.));
#3438=CARTESIAN_POINT('Origin',(-20.5418743348736,249.355231344382,0.));
#3439=CARTESIAN_POINT('',(-12.5314587452089,184.115631750104,10.));
#3440=CARTESIAN_POINT('',(-12.5314587452089,184.115631750104,96.));
#3441=CARTESIAN_POINT('Origin',(96.0745384835868,-1.21869343405147,0.));
#3442=CARTESIAN_POINT('',(88.064122893922,64.0209061602267,10.));
#3443=CARTESIAN_POINT('',(88.064122893922,64.0209061602267,96.));
#3444=CARTESIAN_POINT('Origin',(37.7663320743566,124.068268955165,96.));
#3445=CARTESIAN_POINT('Origin',(37.7663320743566,124.068268955165,10.));
#3446=UNCERTAINTY_MEASURE_WITH_UNIT(LENGTH_MEASURE(0.01),#3450,
'DISTANCE_ACCURACY_VALUE',
'Maximum model space distance between geometric entities at asserted c
onnectivities');
#3447=UNCERTAINTY_MEASURE_WITH_UNIT(LENGTH_MEASURE(0.01),#3450,
'DISTANCE_ACCURACY_VALUE',
'Maximum model space distance between geometric entities at asserted c
onnectivities');
#3448=(
GEOMETRIC_REPRESENTATION_CONTEXT(3)
GLOBAL_UNCERTAINTY_ASSIGNED_CONTEXT((#3446))
GLOBAL_UNIT_ASSIGNED_CONTEXT((#3450,#3452,#3453))
REPRESENTATION_CONTEXT('','3D')
);
#3449=(
GEOMETRIC_REPRESENTATION_CONTEXT(3)
GLOBAL_UNCERTAINTY_ASSIGNED_CONTEXT((#3447))
GLOBAL_UNIT_ASSIGNED_CONTEXT((#3450,#3452,#3453))
REPRESENTATION_CONTEXT('','3D')
);
#3450=(
LENGTH_UNIT()
NAMED_UNIT(*)
SI_UNIT(.MILLI.,.METRE.)
);
#3451=(
LENGTH_UNIT()
NAMED_UNIT(*)
SI_UNIT($,.METRE.)
);
#3452=(
NAMED_UNIT(*)
PLANE_ANGLE_UNIT()
SI_UNIT($,.RADIAN.)
);
#3453=(
NAMED_UNIT(*)
SI_UNIT($,.STERADIAN.)
SOLID_ANGLE_UNIT()
);
#3454=SHAPE_DEFINITION_REPRESENTATION(#3455,#3456);
#3455=PRODUCT_DEFINITION_SHAPE('',$,#3458);
#3456=SHAPE_REPRESENTATION('',(#1898),#3448);
#3457=PRODUCT_DEFINITION_CONTEXT('part definition',#3462,'design');
#3458=PRODUCT_DEFINITION('2026-01-27-19-37-24-949','EDF_1.30',#3459,#3457);
#3459=PRODUCT_DEFINITION_FORMATION('',$,#3464);
#3460=PRODUCT_RELATED_PRODUCT_CATEGORY('EDF_1.30','EDF_1.30',(#3464));
#3461=APPLICATION_PROTOCOL_DEFINITION('international standard',
'automotive_design',2009,#3462);
#3462=APPLICATION_CONTEXT(
'Core Data for Automotive Mechanical Design Process');
#3463=PRODUCT_CONTEXT('part definition',#3462,'mechanical');
#3464=PRODUCT('2026-01-27-19-37-24-949','EDF_1.30',$,(#3463));
#3465=PRESENTATION_STYLE_ASSIGNMENT((#3466));
#3466=SURFACE_STYLE_USAGE(.BOTH.,#3467);
#3467=SURFACE_SIDE_STYLE('',(#3468));
#3468=SURFACE_STYLE_FILL_AREA(#3469);
#3469=FILL_AREA_STYLE('\X2\94A2\X0\ - \X2\7F0E5149\X0\',(#3470));
#3470=FILL_AREA_STYLE_COLOUR('\X2\94A2\X0\ - \X2\7F0E5149\X0\',#3471);
#3471=COLOUR_RGB('\X2\94A2\X0\ - \X2\7F0E5149\X0\',0.627450980392157,0.627450980392157,
0.627450980392157);
ENDSEC;
END-ISO-10303-21;
